Code,1991,2002,2011
703486,1005,853,753
703494,6243,8325,9158
703508,1220,1624,1942
703516,873,810,775
703524,1617,1218,1219
703532,1283,1287,1357
703559,3288,3899,4233
703567,1718,2102,2752
703575,1075,1057,1054
703583,682,551,560
703591,1307,1772,2208
703605,625,523,467
703613,711,620,632
70106,161376,151768,158213
703621,3069,3417,3621
703630,1994,2024,2001
703648,2700,2839,3151
703656,10571,10741,11088
791016,143042,132747,138352
70114,69680,58386,56333
791024,69680,58386,56333
70122,69448,75466,83907
703664,3880,3255,3029
703672,4960,5750,6410
703699,1129,1076,1045
703702,5213,5819,6779
703729,8034,8667,9088
703737,7642,8338,8441
703745,1855,1548,1441
703753,438,380,371
703761,2197,2252,2297
703770,18326,22248,26904
703788,1372,1067,964
703796,7109,8492,10473
703800,1643,1410,1353
703818,2163,2284,2613
703826,3487,2880,2699
70149,140483,132621,151808
791032,140483,132621,151808
70157,146056,152831,168170
703915,4104,7199,10807
791059,141952,145632,157363
70165,58882,58511,58622
703923,830,754,644
703931,1040,877,844
703940,1315,1260,1054
703958,530,497,441
703966,1192,1002,929
703974,409,468,448
703982,4668,4580,4318
704008,832,978,1042
704016,3385,3210,2559
704024,877,919,436
704032,840,777,701
704059,650,582,508
704067,883,796,722
704075,1057,984,834
704083,753,686,580
704091,21978,22732,26006
704105,855,770,779
704113,577,455,442
704121,930,885,811
704130,1095,925,642
704148,1794,1658,1513
704156,1065,1191,1422
704164,339,317,259
704172,1804,1787,1620
704199,,,
704202,608,623,562
704229,2943,3019,2894
704237,370,324,318
704245,302,269,236
704253,830,796,686
704261,276,233,139
704270,1357,1260,1175
704288,1832,2230,2619
704296,666,667,439
70173,56389,52490,53096
704300,866,807,835
704318,314,263,439
704326,177,160,150
704334,2073,1796,1532
704342,3880,3253,2693
704369,2938,2547,2440
704377,1376,1460,1483
704385,1383,1139,1009
704393,2553,2279,1931
704407,4693,4349,4208
704415,1878,1924,1989
704423,384,368,355
704431,689,674,666
704440,2406,2431,2751
704458,23299,22114,23609
704466,1901,1539,1636
704474,922,835,859
704482,1555,1400,1243
704504,1354,1639,1932
704512,571,444,405
704539,221,214,195
704547,956,855,736
70181,224424,217773,214506
791067,224424,217773,214506
70190,70234,70975,72524
704555,584,532,507
704563,5982,6586,6918
704571,1557,1631,1836
704580,454,501,490
704598,911,783,735
704601,1665,1820,1868
704610,750,675,584
704628,3149,2596,2401
704636,1573,1536,1442
704644,1644,1279,1113
704652,2113,2228,2371
704679,6089,6138,6350
704687,713,664,670
704695,1079,909,779
704709,1289,1177,1085
704717,1002,855,774
704725,1265,1665,1805
704733,2151,2313,2424
704741,22748,23929,25429
704750,881,707,603
704768,1227,1008,908
704776,515,455,401
704784,466,603,596
704792,1390,1510,2129
704806,1902,1855,1858
704814,3182,3099,3016
704822,967,917,792
704849,1618,1540,1521
704857,1368,1464,1119
70203,156587,155902,173521
704865,26895,35150,46086
704873,1767,1676,1594
704881,618,603,496
704890,1063,1039,920
704903,2444,2567,2742
704911,10371,9836,9263
704920,1736,1770,1783
791075,111693,103261,110637
70211,97752,99000,108641
791083,97752,99000,108641
70220,47682,42505,39122
791091,47682,42505,39122
70238,20527,20390,20367
704938,278,332,348
704946,755,646,535
704954,675,547,532
704962,845,736,729
704989,1255,1088,973
704997,1857,1701,1769
705004,1472,1479,1391
705012,1933,2058,1992
705039,693,657,619
705047,1492,1545,1679
705055,2580,2858,2933
705063,1271,1046,953
705071,2004,2363,2628
705080,754,686,573
705098,264,254,226
705101,1720,1752,1920
705110,679,642,567
70246,70791,55543,48450
791105,70791,55543,48450
70254,154632,168508,181231
705128,3084,3210,3490
705136,3787,3929,4218
705144,632,493,562
705152,317,310,316
705179,4672,4769,4821
705187,16225,18450,21001
705195,5005,5292,5272
791113,120910,132055,141551
71293,35636,38814,43819
703834,3020,3409,3785
703842,4284,4056,4094
703869,8011,8247,8503
703877,5483,5949,6393
703885,1117,1406,1394
703893,1457,1455,1445
703907,12264,14292,18205
RS12,2013889,2031992,1931809
RS121,215916,214011,188087
80047,32999,32813,28929
800180,18389,19320,17411
800198,2500,2356,1952
800201,4842,4781,4016
800210,1278,1364,1219
800228,5990,4992,4331
80233,49311,48353,43101
802425,2477,2353,1852
802433,19311,19301,17866
802441,1456,1807,1482
802450,508,524,420
802468,5636,5213,4585
802476,9514,8992,7895
802484,10409,10163,9001
80306,37501,35582,30154
802948,3737,3469,2819
802956,2924,2913,2286
802964,2301,2120,1744
802972,2889,2847,2487
802999,5607,4991,4215
803006,1699,1646,1343
803014,10567,9940,8811
803022,4114,4118,3411
803049,3663,3538,3038
80381,96105,97263,85903
803855,2267,2172,1770
803863,1585,1388,1140
803871,4205,3920,3485
803880,5472,5263,4623
803898,2073,2201,1810
803901,1864,1830,1497
803910,5737,6012,5045
803928,1710,1710,1327
803936,605,566,411
803944,2806,2590,2011
803952,3292,3169,2746
803979,48993,51471,47623
803987,5131,4808,3987
803995,3795,3720,3282
804002,2138,2084,1720
804029,4432,4359,3426
RS122,328428,313937,293730
80039,26535,22954,20151
800066,3738,3431,3007
800074,6286,5820,5082
800082,4539,4111,3868
800104,1621,1344,1076
800112,2023,1727,1422
800139,1225,1171,966
800147,2973,2002,1772
800155,1634,1240,1131
800163,997,768,636
800171,1499,1340,1191
80098,23707,20367,17367
800732,974,837,682
800759,280,200,169
800767,11634,10675,9080
800775,1870,1568,1348
800783,1608,1017,818
800791,265,226,199
800805,1027,854,738
800813,1927,1446,1243
800821,350,287,262
800830,170,132,94
800848,1185,989,864
800856,1560,1361,1164
800864,799,729,666
800872,58,46,40
80128,58228,54369,52026
801038,316,250,238
801046,1584,1340,1270
801054,1328,1178,1148
801062,593,417,363
801089,36885,36623,36040
801097,156,91,37
801119,1338,1267,1094
801127,790,575,500
801135,2004,1728,1472
801143,459,281,251
801151,1082,806,748
801160,499,379,283
801178,161,120,89
801186,570,329,255
801194,347,227,198
801208,570,420,382
801216,1999,2237,2195
801224,518,444,376
801232,390,311,272
801259,808,509,549
801267,291,170,133
801275,1107,693,531
801283,3961,3598,3269
801291,472,376,333
80217,30469,27890,25274
802239,5734,5325,4913
802247,1308,1198,974
802255,7426,6764,6259
802263,6076,5760,5531
802271,260,243,200
802280,1438,1247,1004
802298,3099,2498,2029
802301,5128,4855,4364
80225,38263,36802,33722
802310,6517,6106,5820
802328,3432,3302,2929
802336,3722,3498,2939
802344,1469,1283,1188
802352,13669,14250,13515
802379,522,420,332
802387,3597,3145,2690
802395,2013,2044,1794
802409,3213,2574,2354
802417,109,180,161
80292,11384,11016,10440
802905,1690,1648,1544
802913,4777,4693,4527
802921,2200,2048,1847
802930,2717,2627,2522
80314,125261,127162,123414
803057,3715,3517,3251
803065,7987,7345,6686
803073,3475,3178,3012
803081,6790,6835,6146
803090,1439,1131,1053
803103,6598,6312,6181
803111,8103,7624,7100
803120,6782,6518,6309
803138,72793,77087,76203
803146,7579,7615,7473
80349,14581,13377,11336
803324,369,366,272
803332,887,598,516
803359,1508,1374,1158
803367,898,790,560
803375,234,219,147
803383,1158,1033,905
803391,408,349,238
803405,50,24,21
803413,1313,1047,924
803421,239,216,160
803430,650,622,497
803448,4380,4270,3825
803456,1031,1094,963
803464,1456,1375,1150
RS123,553027,593666,615371
80055,17249,16268,14405
800236,6046,6087,5399
800244,1365,1228,1072
800252,1323,1113,952
800279,3272,3169,2834
800287,1538,1392,1152
800295,3705,3279,2996
80063,58835,60966,55528
800309,26780,29449,28239
800317,392,349,270
800325,3171,2968,2578
800333,2081,2096,1853
800341,1077,1012,738
800350,3363,3358,2679
800368,1002,900,794
800376,1372,1409,1220
800384,3242,3177,2944
800392,1134,1039,921
800406,4361,3835,3337
800414,2806,2849,2467
800422,3043,3102,2657
800449,5011,5423,4831
80080,15662,14681,13418
800694,7236,6727,6155
800708,2491,2283,2002
800716,3203,2976,2775
800724,2732,2695,2486
80101,14848,16086,15726
800899,618,780,743
800902,7873,8058,7839
800929,142,138,100
800937,864,801,709
800945,1357,1989,2248
800953,347,362,291
800961,1137,1132,996
800970,2510,2826,2800
80110,42685,40987,37351
800988,5625,5445,5110
800996,7437,7116,6350
801003,27155,25976,23895
801011,1218,1118,909
801020,1250,1332,1087
80136,25823,27513,26134
801305,3553,3896,3715
801313,4517,5137,5092
801321,8766,9598,9161
801330,8987,8882,8166
89010,265464,299294,341625
80284,241262,268067,307760
802743,2827,3335,3325
802751,3685,3825,3656
802778,16711,18375,17454
802786,9755,11166,11740
802794,5850,5471,5091
802808,5242,5599,5414
802824,173186,191656,231798
802859,4361,5729,6495
802875,2020,2214,2021
802883,16048,18582,18641
802891,1577,2115,2125
80519,24202,31227,33865
802760,3040,3585,3936
802816,1280,1641,1912
802832,11285,13973,14810
802867,7955,11205,12273
805149,642,823,934
80390,17365,17855,16317
804037,1952,2202,2008
804045,12798,13091,12009
804053,2615,2562,2300
80411,7534,8839,8750
804355,7534,8839,8750
80446,24939,28275,28287
804665,5426,6049,5687
804673,2542,3010,2939
804681,16971,19216,19661
80454,16218,17050,15738
804690,1077,1103,1090
804703,1452,1485,1297
804711,1302,1255,1114
804720,2552,2763,2569
804738,6007,5894,5294
804746,3828,4550,4374
80462,46405,45852,42092
804754,3940,3929,3541
804762,4548,4361,3926
804789,4713,4663,4348
804797,3579,3478,3107
804819,3592,3351,2957
804827,25858,25907,24112
805114,175,163,101
RS124,179783,165881,147770
80012,21506,18994,16991
800015,12078,10547,9564
800023,7522,6786,6009
800031,458,389,326
800040,305,234,186
800058,1143,1038,906
80195,30668,27510,25343
801976,1158,1128,1037
801984,361,366,277
801992,367,516,390
802000,282,340,244
802018,11541,10200,9871
802026,2144,1988,1811
802034,150,115,94
802042,2423,2183,1988
802069,336,211,157
802077,1912,1561,1423
802085,765,709,618
802093,2028,1868,1724
802107,7201,6325,5709
80209,69743,67002,59453
802115,1289,1140,866
802123,3134,3034,2512
802131,3741,3503,3123
802140,2263,2174,1822
802158,42938,41861,38065
802166,6300,5918,5270
802174,2525,2419,1918
802182,2488,2277,1894
802204,3510,3328,2813
802212,1555,1348,1170
80276,13816,12975,11269
802638,1912,1718,1398
802646,1072,1004,796
802654,1552,1620,1321
802662,387,292,210
802689,8062,7581,6960
802697,172,217,144
802719,195,135,106
802727,294,247,198
802735,170,161,136
80365,28779,25568,23316
803677,822,724,568
803685,2167,1889,1726
803693,1055,887,726
803707,22827,20302,18704
803715,1908,1766,1592
80489,15271,13832,11398
804835,152,135,102
804843,548,404,238
804851,1118,978,742
804860,3040,2844,2324
804878,3190,2882,2376
804886,1384,1314,1151
804894,595,568,437
804908,5244,4707,4028
RS125,205401,200140,186906
80071,40473,38245,33321
800457,220,204,151
800465,2745,2568,2297
800473,16704,16171,14573
800481,517,638,480
800490,151,94,83
800503,587,477,409
800511,1531,1441,1264
800520,388,309,238
800538,259,233,177
800546,588,590,468
800554,890,957,653
800562,503,524,456
800589,524,516,469
800597,2263,2029,1768
800619,635,632,534
800627,629,696,541
800635,970,798,607
800643,3309,2948,2580
800651,380,342,271
800660,229,205,147
800678,183,172,104
800686,6266,5699,5051
805122,2,2,
80241,14394,13494,12031
802492,4049,3693,3161
802506,5803,5465,4890
802514,4542,4336,3980
80438,150534,148401,141554
804452,8620,8586,7414
804479,2242,2039,1922
804487,785,741,627
804495,1942,1824,1487
804509,634,639,543
804517,1526,1381,1097
804525,2710,2631,2327
804533,1911,1746,1441
804541,1975,2168,2142
804550,1182,1181,1067
804568,1488,1245,1082
804576,509,446,377
804584,2932,2848,2381
804592,8246,8443,7771
804606,2323,2230,1947
804614,99515,99283,97910
804622,2627,2482,2313
804649,7940,7178,6591
804657,1427,1310,1115
RS126,221353,208456,187667
80144,22811,20399,16841
801348,1300,1263,1095
801356,391,384,258
801364,2575,2508,2091
801372,3700,2850,2291
801399,3074,3242,2903
801402,1403,1155,838
801429,1521,1315,1147
801437,1445,1352,1137
801445,2873,2405,1969
801453,2183,1771,1462
801461,881,763,537
801470,1465,1391,1113
80152,136778,132051,123362
801488,3573,3461,3335
801496,1823,1620,1291
801500,1762,1477,1342
801518,2436,2148,1860
801526,4724,4690,4338
801534,5172,4513,3999
801542,81316,79773,76511
801569,752,636,530
801577,2729,2959,2706
801585,2227,2034,1753
801593,3450,3308,2877
801607,643,598,498
801615,2196,2077,1804
801623,7270,6737,5982
801631,1169,1004,948
801640,1933,1789,1516
801658,3880,3818,3383
801666,2058,1999,1941
801674,1174,1140,1009
801682,1904,1765,1510
801704,1586,1386,1179
801712,3001,3119,3050
80250,14538,12705,10272
802522,2902,2665,2130
802549,1827,1720,1374
802557,2353,1861,1509
802565,1588,1385,1056
802573,5046,4383,3685
802581,822,691,518
80268,28788,26924,23925
802590,2007,1895,1488
802603,4068,3814,3284
802611,15404,14452,13133
802620,7309,6763,6020
80373,18438,16377,13267
803723,507,428,324
803731,1992,1734,1412
803740,119,94,63
803758,2155,1817,1505
803766,3544,2982,2373
803774,1150,996,777
803782,2428,2241,1719
803804,1502,1371,1256
803812,2688,2647,2107
803839,1976,1737,1478
803847,377,330,253
RS127,309981,335901,312278
80179,44185,49609,47433
801739,6166,6239,5783
801747,23061,26247,26025
801755,318,604,593
801763,2852,2878,2429
801771,1301,1604,1525
801780,2120,2298,2095
801798,2947,3036,2856
801801,2977,3455,2994
801810,278,266,253
801828,575,674,543
801836,1590,2308,2337
80187,11696,12329,10866
801844,28,42,44
801852,3495,3704,3092
801879,73,85,76
801887,126,127,107
801895,4414,4848,4415
801909,1144,1100,960
801917,229,277,234
801925,372,388,340
801933,157,151,130
801941,625,551,475
801950,633,657,620
801968,400,399,373
80322,20077,21506,19720
803154,1486,1488,1365
803162,1031,1066,934
803189,1346,1590,1491
803197,1076,1016,973
803219,1224,1243,1078
803227,2009,2047,1866
803235,1417,1400,1308
803243,1111,1143,1040
803251,2422,2659,2581
803260,1219,1360,1166
803278,771,813,784
803286,549,544,468
803294,862,837,769
803308,968,942,844
803316,2586,3358,3053
80357,55087,60006,54339
803472,1848,1757,1496
803499,901,913,808
803502,1628,1614,1506
803529,1488,1480,1189
803537,1701,1716,1549
803545,843,991,924
803553,915,1102,904
803561,3378,3246,2946
803570,1216,1232,1056
803588,558,598,541
803596,2266,2216,1808
803600,404,460,393
803618,2809,2760,2444
803626,2890,3244,2745
803634,28582,32229,30076
803642,976,1020,918
803669,2684,3428,3036
80403,85328,85902,79940
804061,140,145,83
804070,913,965,841
804088,1149,1139,971
804096,1570,1617,1426
804100,1319,1312,1129
804118,1527,1585,1361
804126,864,836,722
804134,750,707,608
804142,2256,2235,2039
804169,3491,3391,2982
804177,10235,10893,10638
804185,913,947,699
804193,1478,1533,1319
804207,3663,3639,3070
804215,3788,3896,3873
804223,2237,2120,1866
804231,1587,1463,1184
804240,1076,1086,946
804258,1894,1879,1751
804266,38834,39084,37751
804274,777,773,624
804282,205,190,162
804304,1776,1675,1431
804312,1928,1830,1623
804339,217,218,211
804347,741,744,630
80420,57291,67576,65792
804363,2605,3116,2973
804371,4642,5012,4752
804380,4497,5129,4721
804398,781,1025,845
804401,16016,18214,17105
804410,6354,9358,9443
804428,17110,18645,18602
804436,4033,5488,5954
804444,1253,1589,1397
80497,36317,38973,34188
804916,2080,2166,1919
804924,399,320,259
804932,1298,1374,1180
804959,1103,1228,1115
804967,299,336,269
804975,915,906,732
804983,1636,1717,1424
804991,1963,1899,1683
805009,840,1158,989
805017,3427,3316,2736
805025,883,827,804
805033,1399,1130,950
805041,1821,2252,1955
805050,585,559,446
805068,305,298,195
805076,2105,2164,1774
805084,165,221,186
805092,819,791,679
805106,14275,16311,14893
RS2,4206680,3889885,3595613
RS21,2266428,2136881,2031697
RS211,335826,313396,286549
70041,20335,19784,18792
701629,6074,6744,6763
701637,656,565,452
701645,675,629,634
701653,829,671,504
701661,970,1034,1180
701670,615,586,550
701688,622,474,357
701696,748,775,738
701700,445,471,519
701718,454,357,293
701726,1020,821,646
701734,356,312,264
701742,608,474,360
701769,364,323,293
701777,896,847,792
701785,588,627,659
701793,474,387,307
701807,503,370,286
701815,403,294,226
701823,957,952,968
701831,991,920,826
701840,1087,1151,1175
70068,29747,29151,26022
702455,8555,9543,9148
702463,174,167,141
702471,275,213,187
702480,1110,1566,1706
702498,708,642,518
702501,321,251,158
702510,196,144,121
702528,496,419,322
702536,814,566,414
702544,649,442,263
702552,1099,790,629
702579,415,348,279
702587,563,419,319
702595,188,152,77
702609,593,472,399
702617,270,212,157
702625,134,112,78
702633,526,495,411
702641,1711,2555,2789
702650,519,418,293
702668,527,489,427
702676,838,834,819
702684,658,582,492
702692,763,622,543
702706,283,180,155
702714,687,845,530
702722,742,653,537
702749,467,334,287
702757,517,473,308
702765,765,672,591
702773,862,768,634
702781,285,201,129
702790,1273,1066,890
702803,729,582,501
702811,223,168,112
702820,812,756,658
70629,15478,14001,12090
718092,385,314,265
718106,757,724,715
718114,298,330,230
718122,301,263,209
718149,720,599,513
718157,371,348,257
718165,141,152,61
718173,159,97,113
718181,544,395,357
718190,162,142,101
718203,3794,4116,3992
718211,1115,1023,898
718220,1046,893,705
718238,245,184,148
718246,400,297,258
718254,514,433,305
718262,131,80,82
718289,650,531,369
718297,402,316,217
718319,193,118,95
718327,1086,853,726
718335,356,274,239
718343,212,159,105
718351,256,219,179
718360,609,535,449
718378,301,272,225
718386,330,334,277
70866,21812,19982,16638
729655,398,420,340
729663,160,117,87
729671,940,791,694
729680,432,392,288
729698,443,333,320
729701,384,311,239
729710,290,258,207
729728,404,396,349
729736,452,485,404
729744,281,224,165
729752,208,139,57
729779,203,148,124
729787,369,287,257
729795,273,257,173
729809,494,419,371
729817,365,368,364
729825,385,272,174
729833,396,346,296
729841,314,256,241
729850,157,126,113
729868,146,112,80
729876,517,475,352
729884,10345,10257,8795
729892,406,290,226
729906,208,169,134
729914,801,690,572
729922,1074,887,654
729949,359,262,214
729957,130,117,54
729965,122,92,78
729973,105,78,47
729981,172,130,103
746797,79,78,66
70955,33578,32293,29638
733156,662,742,654
733164,539,481,365
733172,1215,1232,1193
733199,501,473,437
733202,864,803,684
733229,326,289,233
733237,595,505,428
733245,1522,1506,1321
733253,364,280,243
733261,593,524,421
733270,403,352,307
733288,420,369,295
733296,567,482,383
733300,534,526,444
733318,174,167,109
733326,411,331,287
733334,641,571,528
733342,351,265,205
733369,431,432,352
733377,190,153,106
733385,355,304,251
733393,845,694,657
733407,290,219,169
733415,450,412,329
733423,363,291,212
733431,895,803,707
733440,12552,13206,13153
733458,472,446,396
733466,353,341,294
733474,470,429,422
733482,992,1026,995
733504,322,265,192
733512,589,424,363
733539,484,451,363
733547,240,222,156
733555,578,481,405
733563,132,137,119
733571,305,275,263
733580,417,373,294
733598,204,170,146
733601,571,514,489
733610,396,327,268
70971,35951,30377,27133
734004,3757,3360,3013
734012,253,153,156
734039,135,60,26
734047,240,186,122
734055,643,490,439
734063,221,118,104
734071,430,350,233
734080,391,205,225
734098,293,248,155
734101,121,88,42
734110,298,254,158
734128,443,273,255
734136,245,164,128
734144,522,455,347
734152,349,305,285
734179,305,220,149
734187,182,66,57
734195,398,261,203
734209,717,644,568
734217,108,85,49
734225,277,188,149
734233,18083,16209,14920
734241,305,204,118
734250,167,142,110
734268,1896,1789,1904
734276,434,228,206
734284,572,337,380
734292,376,269,225
734306,331,181,99
734314,675,430,311
734322,187,93,66
734349,1355,1062,964
734357,1242,1260,967
70980,46525,41188,37059
734365,304,196,131
734373,557,434,585
734381,173,56,42
734390,44,22,12
734403,120,82,75
734411,145,87,65
734420,210,175,157
734438,2182,1780,1845
734446,161,107,34
734454,485,474,362
734462,149,99,63
734489,234,183,105
734497,402,262,217
734519,80,58,30
734527,127,85,61
734535,111,49,64
734543,270,199,168
734551,292,254,232
734560,376,335,311
734578,432,319,223
734586,275,120,79
734594,332,208,162
734608,335,245,270
734616,395,265,194
734624,201,133,80
734632,1527,1272,1265
734659,1152,1047,1205
734667,187,128,101
734675,151,104,76
734683,1121,1140,1145
734691,202,170,98
734705,54,46,31
734713,503,502,275
734721,335,301,229
734730,260,210,167
734748,74,63,37
734756,124,199,163
734764,198,55,59
734772,113,88,71
734799,1770,1613,1604
734802,71,49,31
734829,550,353,296
734837,1120,1049,966
734845,34,36,26
734853,219,169,137
734861,178,169,156
734870,199,164,130
734888,119,80,44
734896,43,25,12
734900,622,750,777
734918,126,66,52
734926,109,121,90
734934,196,126,63
734942,625,455,478
734969,82,33,16
734977,50,34,19
734985,362,336,254
734993,375,204,158
735019,630,526,466
735027,139,123,34
735035,168,124,102
735043,377,282,142
735051,160,85,48
735060,411,360,326
735078,15634,15031,13330
735086,442,410,379
735094,2112,2088,2032
735108,302,322,304
735116,242,168,160
735124,665,774,677
735132,172,105,68
735159,229,138,161
735167,233,136,148
735175,1978,2061,1974
735183,405,285,220
735191,238,130,103
735205,151,78,46
735213,255,267,303
735221,147,132,149
735230,192,179,89
71072,33681,27970,26392
739146,157,157,30
739154,103,85,66
739162,110,71,46
739189,57,30,24
739197,165,74,66
739219,70,65,46
739227,78,72,52
739235,201,143,111
739243,45,33,30
739251,130,83,52
739260,71,73,39
739278,89,212,88
739286,254,218,193
739294,130,91,89
739308,268,230,254
739316,61,50,48
739324,63,74,48
739332,79,56,32
739359,56,41,34
739367,69,49,35
739375,162,169,136
739383,248,200,146
739391,34,42,39
739405,105,57,40
739413,106,70,54
739421,53,44,24
739430,141,150,90
739448,90,87,67
739456,557,322,290
739464,75,57,41
739472,136,123,85
739499,155,114,125
739502,536,431,279
739529,24,19,10
739537,450,411,473
739545,685,594,477
739553,236,152,225
739561,199,190,169
739570,478,321,211
739588,654,536,296
739596,72,50,41
739600,361,278,375
739618,170,150,135
739626,65,60,32
739634,39,24,10
739642,35,21,11
739669,569,442,258
739677,86,65,67
739685,207,116,102
739693,233,151,225
739707,439,362,363
739715,123,105,93
739723,69,27,15
739731,136,124,100
739740,105,91,54
739758,25,11,8
739766,70,47,33
739774,50,30,18
739782,334,337,374
739804,27,14,8
739812,116,88,42
739839,275,156,130
739847,367,384,398
739855,162,176,71
739863,39,38,38
739871,221,276,92
739880,55,22,17
739898,47,37,18
739901,57,17,14
739910,292,186,233
739928,25,32,16
739936,638,325,543
739944,512,401,262
739952,154,132,126
739979,187,145,116
739987,210,164,45
739995,14381,13130,14060
740004,7,2,1
740012,28,29,20
740039,230,193,182
740047,251,183,155
740055,40,25,23
740063,113,97,56
740071,596,397,396
740080,299,204,116
740098,79,48,22
740101,35,18,15
740110,839,545,474
740128,582,326,335
740136,28,14,9
740144,127,103,108
740152,30,20,13
740179,478,386,312
740187,175,140,75
740195,74,49,49
740209,106,108,70
740217,231,144,145
740225,181,142,165
740233,434,250,154
740241,351,312,268
740250,34,25,26
79065,82723,83022,78040
71234,15996,15628,14745
745154,327,244,190
745162,773,744,737
745189,305,212,169
745197,480,344,242
745219,541,405,367
745227,188,135,96
745235,226,153,106
745243,1187,924,709
745251,1226,1135,1157
745260,869,705,515
745278,658,806,905
745286,306,277,242
745294,1684,2344,2821
745308,148,108,60
745316,532,457,387
745324,191,159,144
745332,754,810,646
745359,416,300,183
745367,844,763,630
745375,302,214,128
745383,493,372,303
745391,313,282,200
745405,2588,3162,3336
745413,645,573,472
RS212,200560,192204,174513
70360,98226,96761,90312
708267,865,772,602
708275,212,160,140
708283,589,505,381
708291,113,124,109
708305,735,849,942
708313,593,528,459
708321,372,281,290
708330,479,391,309
708348,165,129,113
708356,184,172,139
708364,529,573,520
708372,642,506,406
708399,401,357,423
708402,59016,61035,58932
708429,245,240,204
708437,98,98,57
708445,492,417,325
708453,373,258,195
708461,767,793,564
708470,378,491,577
708488,1319,1117,890
708496,1228,1366,1301
708500,589,463,391
708518,386,383,393
708526,730,717,640
708534,130,235,141
708542,658,556,460
708569,692,597,441
708577,280,264,267
708585,524,452,351
708593,487,452,401
708607,491,462,352
708615,180,171,143
708623,529,486,402
708631,243,144,212
708640,407,427,438
708658,367,310,279
708666,276,272,198
708674,1131,1005,868
708682,617,590,527
708704,220,269,233
708712,230,203,173
708739,257,237,212
708747,946,727,565
708755,114,77,68
708763,677,568,483
708771,737,660,516
708780,1128,1054,850
708798,212,163,126
708801,242,193,163
708810,1142,913,762
708828,201,192,175
708836,826,636,488
708844,727,592,444
708852,130,120,114
708879,666,596,505
708887,483,614,697
708895,2419,2607,2627
708909,397,340,285
708917,643,519,405
708925,197,150,202
708933,287,245,172
708941,1432,929,990
708950,181,136,100
708968,187,169,135
708976,190,155,123
708984,1069,1313,1360
708992,205,178,140
709000,165,133,105
709018,520,421,341
709026,257,223,180
709034,190,166,130
709042,358,282,236
709069,698,578,424
709077,369,301,258
709085,424,378,303
709093,401,418,319
709107,187,158,121
70700,17716,17062,15475
722979,825,689,611
722987,1174,1019,873
722995,571,494,415
723002,3284,3250,3070
723029,3428,3443,3249
723037,1859,1950,2107
723045,516,489,89
723053,131,110,111
723061,748,679,606
723070,822,733,666
723088,277,227,190
723096,531,574,479
723100,396,378,309
723118,824,811,802
723126,306,241,178
723134,314,307,270
723142,550,486,443
723169,386,358,306
723177,774,824,701
70769,15912,14629,12754
726176,694,605,477
726184,531,493,431
726192,260,266,199
726206,367,286,247
726214,417,410,471
726222,432,419,343
726249,255,253,217
726257,208,156,145
726265,248,224,177
726273,700,534,455
726281,539,468,368
726290,488,407,352
726303,575,508,433
726311,824,744,611
726320,552,476,384
726338,340,309,224
726346,538,443,439
726354,428,372,308
726362,3094,3327,3226
726389,248,223,211
726397,707,665,583
726419,295,224,169
726427,606,544,439
726435,859,741,575
726443,485,478,400
726451,486,427,330
726460,736,627,540
70831,17368,16513,14335
728071,595,564,443
728080,624,572,468
728098,225,202,170
728101,276,292,186
728110,531,419,346
728128,455,488,414
728136,164,152,124
728144,554,446,367
728152,492,431,384
728179,191,152,101
728187,259,243,178
728195,696,641,522
728209,323,297,216
728217,122,128,107
728225,602,498,433
728233,455,436,361
728241,545,485,331
728250,321,341,315
728268,1679,1723,1620
728276,1300,1446,1569
728284,381,345,306
728292,281,239,292
728306,932,795,710
728314,582,588,503
728322,334,313,237
728349,714,773,694
728357,337,327,297
728365,429,350,302
728373,465,513,439
728381,524,511,406
728390,276,239,197
728403,290,276,204
728411,398,388,352
728420,269,214,141
728438,445,434,391
728446,302,252,209
70882,16745,15135,12536
731072,693,585,474
731099,745,654,538
731102,328,310,261
731129,695,554,416
731137,1503,1359,1115
731145,765,681,532
731153,756,611,503
731161,1122,954,734
731170,416,343,320
731188,193,143,89
731196,1483,1330,1110
731200,2934,3172,2704
731218,1181,944,768
731226,610,588,493
731234,469,501,451
731242,541,460,517
731269,421,330,241
731277,822,736,573
731285,290,226,168
731293,778,654,529
71218,34593,32104,29101
744506,1431,1395,1124
744514,738,348,306
744522,1356,1235,1163
744549,726,668,604
744557,1748,1684,1503
744565,595,552,455
744573,283,262,215
744581,509,468,405
744590,467,497,514
744603,711,558,431
744611,625,536,494
744620,485,455,416
744638,819,888,759
744646,514,480,406
744654,950,708,654
744662,268,221,156
744689,247,278,225
744697,593,551,477
744719,410,407,349
744727,565,559,562
744735,1067,879,711
744743,868,769,691
744751,1424,1173,988
744760,678,607,565
744778,370,297,251
744786,371,372,317
744794,492,413,345
744808,2046,1933,1839
744816,997,999,888
744824,1077,979,883
744832,434,402,323
744859,1141,1020,877
744867,787,909,747
744875,1091,945,774
744883,5797,6018,6191
744891,684,631,558
744905,579,463,434
744913,650,545,501
RS213,339644,329625,298931
70289,34438,32990,28883
705632,5640,5406,4817
705659,1668,1619,1362
705667,1816,1744,1557
705675,7346,7350,6488
705683,987,967,777
705691,2438,2346,1975
705705,3532,3317,2900
705713,3476,3253,2935
705721,1314,1244,1092
705730,458,409,399
705748,1490,1344,1134
705756,648,618,554
705764,1163,1103,969
705772,2462,2270,1924
70408,23335,20373,17462
709778,653,552,477
709786,717,657,486
709794,634,307,267
709808,1884,2034,1662
709816,524,482,418
709824,829,748,675
709832,150,108,106
709859,890,875,809
709867,910,862,680
709875,817,813,817
709883,909,599,472
709891,2446,1950,1600
709905,433,341,277
709913,229,213,210
709921,860,600,487
709930,1181,1084,921
709948,277,244,198
709956,722,641,527
709964,876,750,666
709972,653,592,485
709999,425,460,547
710008,577,508,418
710016,135,106,95
710024,301,235,203
710032,2721,2355,2041
710059,471,427,357
710067,1091,1030,859
710075,576,404,352
710083,444,396,350
70637,17064,15636,13129
718394,619,501,393
718408,1618,1519,1210
718416,262,229,155
718424,264,235,212
718432,705,584,473
718459,283,250,194
718467,1149,981,813
718475,1819,1701,1369
718483,812,669,591
718491,270,262,216
718505,888,696,542
718513,4202,4645,4182
718521,755,593,489
718530,368,300,236
718548,2274,1807,1464
718556,335,289,272
718564,441,375,318
70661,21879,20192,17295
720321,525,500,463
720330,866,755,659
720348,327,269,244
720356,1066,964,775
720364,1243,1254,1093
720372,660,578,458
720399,1243,1064,891
720402,991,962,840
720429,1264,1048,924
720437,720,649,588
720445,832,806,686
720453,4795,4912,4429
720461,1052,874,698
720470,605,603,497
720488,909,790,682
720496,287,204,106
720500,389,323,235
720518,569,450,369
720526,824,667,535
720534,451,433,357
720542,298,273,214
720569,1070,965,850
720577,893,849,702
70734,86875,86413,79327
725196,5516,6340,5151
725200,955,980,872
725218,948,841,735
725226,230,241,167
725234,773,631,532
725242,577,466,418
725269,1181,1204,1185
725277,688,598,461
725285,231,188,140
725293,586,585,539
725307,339,250,179
725315,811,699,717
725323,786,728,637
725331,655,654,588
725340,670,510,384
725358,320,244,176
725366,673,566,512
725374,1232,1268,1164
725382,324,324,146
725404,721,693,582
725412,2280,2088,1933
725439,1507,1324,1173
725447,825,849,854
725455,1207,1123,1037
725463,201,168,124
725471,244,189,170
725480,6885,7297,7112
725498,1228,1102,996
725501,2777,2680,2415
725510,1003,1048,982
725528,4935,4731,4276
725536,978,974,894
725544,2557,2673,2623
725552,18845,19863,19212
725579,7188,7922,7556
725587,382,228,183
725595,1475,1404,1204
725609,748,687,609
725617,771,945,937
725625,261,201,128
725633,456,407,337
725641,2447,2525,2487
725650,277,244,223
725668,287,214,151
725676,984,1018,896
725684,1159,941,891
725692,424,370,286
725706,413,352,317
725714,1745,1061,836
725722,1210,1263,1154
725749,207,177,131
725757,1319,1173,948
725765,1117,881,751
725773,317,281,216
70777,18391,17052,14469
726478,382,276,226
726486,1034,985,919
726494,524,443,354
726508,498,415,301
726516,344,291,252
726524,781,649,532
726532,536,465,371
726559,400,334,257
726567,965,951,832
726575,554,424,304
726583,530,430,311
726591,417,484,418
726605,486,318,201
726613,388,337,324
726621,3663,4130,3929
726630,283,201,178
726648,448,420,367
726656,493,383,309
726664,646,522,353
726672,350,321,203
726699,542,485,383
726702,118,104,72
726729,221,168,129
726737,990,914,797
726745,567,448,326
726753,1373,1213,951
726761,858,941,870
70793,14029,14076,12482
726923,187,186,156
726931,1592,1663,1479
726940,278,249,219
726958,521,476,373
726966,780,719,617
726974,1707,1731,1523
726982,730,688,575
727008,4321,4736,4407
727016,2574,2497,2211
727024,633,504,452
727032,429,389,291
727059,277,238,179
71269,123633,122893,115884
746070,1048,917,806
746088,1219,1159,1117
746096,411,382,342
746100,942,818,620
746118,1613,1720,1574
746126,408,382,304
746134,1627,1582,1453
746142,976,874,754
746169,307,282,237
746177,383,302,253
746185,1265,1205,1044
746193,2446,2345,2035
746207,697,610,560
746215,756,683,547
746223,748,674,564
746231,1521,1467,1266
746240,2877,3310,3408
746258,1902,1803,1717
746266,407,393,422
746274,1126,952,812
746282,2955,2582,2221
746304,6140,6854,7031
746312,812,801,774
746339,731,717,615
746347,2324,1976,1576
746355,1353,1190,934
746363,131,95,76
746371,340,406,357
746380,1973,2217,2200
746398,730,697,556
746401,700,640,548
746410,416,404,410
746428,245,192,12
746436,1161,967,812
746444,1600,1521,1366
746452,917,857,727
746479,5488,5992,6465
746487,430,469,413
746495,4718,4464,3931
746509,261,238,190
746517,2161,2131,1833
746525,1015,911,752
746533,1153,918,755
746541,474,454,412
746550,248,251,215
746568,1600,1714,1521
746576,1412,1420,1289
746584,478,479,442
746592,800,720,595
746606,54637,55163,53919
746614,1295,1308,1065
746622,2256,2285,2037
RS214,230748,224772,212603
70483,50087,47641,44406
713139,314,256,223
713147,417,351,266
713155,372,312,249
713163,631,489,366
713171,100,65,46
713180,1217,1227,1041
713198,287,209,153
713201,144,126,96
713210,667,650,742
713228,203,154,120
713236,565,599,704
713244,117,150,85
713252,484,383,330
713279,900,735,610
713287,199,145,164
713295,319,239,175
713309,276,227,183
713317,770,578,476
713325,22432,23982,24216
713333,523,496,456
713341,151,91,54
713350,754,654,506
713368,381,323,258
713376,218,134,104
713384,512,364,338
713392,373,264,215
713406,866,703,565
713414,616,493,385
713422,416,331,290
713449,202,181,139
713457,43,37,35
713465,280,281,286
713473,756,660,544
713481,187,102,71
713490,185,162,129
713503,371,304,259
713511,441,340,257
713520,94,90,76
713538,541,512,498
713546,145,115,93
713554,238,190,165
713562,597,513,419
713589,131,104,46
713597,142,123,85
713619,504,549,627
713627,426,343,250
713635,355,275,245
713643,2009,1786,1513
713651,166,107,133
713660,299,244,197
713678,1811,1706,1490
713686,205,144,89
713694,487,491,462
713708,310,264,243
713716,225,200,174
713724,578,424,337
713732,541,493,458
713759,771,690,566
713767,531,410,336
713775,574,480,371
713783,173,112,71
713791,342,344,241
713805,203,135,85
70564,36686,35445,31963
715964,1478,1681,1680
715972,269,220,135
715999,624,551,483
716006,489,436,353
716014,335,282,214
716022,81,64,47
716049,337,279,204
716057,482,390,304
716065,396,327,229
716073,336,269,193
716081,111,86,73
716090,424,313,228
716103,219,189,155
716111,346,259,175
716120,417,308,244
716138,1901,1839,1695
716146,286,200,149
716154,11093,12350,11715
716162,218,139,96
716189,150,125,113
716197,183,158,89
716219,34,15,18
716227,316,218,161
716235,535,424,392
716243,336,240,159
716251,319,240,192
716260,617,555,498
716278,1278,1113,943
716286,1207,1037,939
716294,237,227,202
716308,327,254,192
716316,226,163,98
716324,142,156,144
716332,140,143,112
716359,366,273,219
716367,943,860,790
716375,648,520,368
716383,1329,1395,1311
716391,121,105,104
716405,1046,1010,904
716413,140,109,59
716421,550,480,403
716430,1103,1258,1295
716448,391,252,194
716456,243,165,116
716464,321,243,190
716472,741,555,467
716499,1234,1284,1250
746720,1621,1686,1669
70742,27167,24614,20897
725781,543,508,466
725790,1389,1225,971
725803,403,361,279
725811,488,443,326
725820,1439,1276,1082
725838,515,419,371
725846,421,306,206
725854,437,315,242
725862,979,804,610
725889,2026,2022,1755
725897,1951,2010,1955
725919,1161,1060,935
725927,546,459,358
725935,601,526,411
725943,548,440,360
725951,91,76,48
725960,333,300,262
725978,399,261,222
725986,519,453,384
725994,904,889,806
726001,219,171,157
726010,605,576,522
726028,303,257,211
726036,458,383,308
726044,3841,4053,3387
726052,938,584,501
726079,225,193,157
726087,879,760,625
726095,628,549,499
726109,729,676,618
726117,231,219,179
726125,436,334,277
726133,343,282,204
726141,615,553,490
726150,309,237,183
726168,715,634,530
71242,116808,117072,115337
745421,691,619,558
745430,440,434,415
745448,782,733,726
745456,489,400,314
745472,1155,1044,921
745499,180,141,90
745502,1772,1466,1295
745529,721,691,695
745537,190,156,121
745545,936,924,920
745553,506,515,456
745561,368,279,222
745570,524,452,395
745588,879,780,698
745596,1616,1399,1299
745600,641,618,556
745618,934,904,877
745626,1128,1018,989
745634,398,391,332
745642,1276,1226,1170
745669,237,204,143
745677,1388,1330,1278
745685,295,267,246
745693,1075,1042,877
745707,713,609,569
745715,823,788,859
745723,654,574,490
745731,399,413,344
745740,706,621,556
745758,412,401,432
745766,80,61,61
745774,122,82,96
745782,1062,944,821
745804,1231,1063,969
745812,877,869,836
745839,2711,2676,2767
745847,1342,1359,1264
745855,184,168,122
745863,1242,1091,918
745871,459,483,479
745880,686,759,744
745898,279,241,180
745901,1744,1801,1840
745910,360,320,238
745928,243,208,195
745936,1537,1576,1603
745944,1637,1591,1424
745952,427,355,303
745979,832,778,661
745987,246,230,215
745995,587,489,395
746002,689,629,575
746029,242,182,160
746037,324,348,331
746045,1789,1830,1968
746053,2461,2685,2913
746061,70012,72698,73331
746754,1075,1117,1085
RS215,264108,227435,214536
70491,33869,25611,23191
713813,613,478,360
713821,7,24,19
713830,554,265,251
713848,735,576,533
713856,614,397,334
713864,796,490,490
713872,1768,1455,1254
713899,1160,728,689
713902,1436,801,670
713929,757,565,458
713937,4170,4363,4197
713945,1186,946,880
713953,116,158,83
713961,945,549,461
713970,1747,882,959
713988,669,433,366
713996,524,349,278
714003,701,450,502
714011,1478,1033,997
714020,79,24,30
714038,1409,880,838
714046,1421,1059,1073
714054,743,519,518
714062,2146,1541,1369
714089,409,337,305
714097,606,380,276
714119,2693,2365,2035
714127,218,159,132
714135,722,595,438
714143,889,788,691
714151,947,737,608
714160,1074,902,783
714178,537,383,314
70904,64119,58301,54242
731307,1185,1012,914
731315,1735,1545,1336
731323,1187,1041,883
731331,1174,1134,1075
731340,333,267,211
731358,1093,740,606
731366,932,855,781
731374,554,461,426
731382,1373,1051,944
731404,2318,1932,1709
731412,2278,2009,1838
731439,850,1211,1008
731447,1131,929,799
731455,667,600,542
731463,579,547,452
731471,832,715,583
731480,511,422,346
731498,1088,835,610
731501,25567,25292,25104
731510,1675,1244,1144
731528,1247,805,621
731536,1582,1309,1096
731544,667,610,544
731552,1467,1215,994
731579,1688,1386,1233
731587,1135,1038,921
731595,318,251,224
731609,22,18,15
731617,1979,1937,1880
731625,2070,1784,1589
731633,1169,1251,1266
731641,1476,1137,894
731650,882,825,762
731668,769,533,516
731676,586,360,376
71030,17011,13551,11055
737542,103,77,65
737569,1111,934,809
737577,625,467,364
737585,255,163,118
737593,288,221,219
737607,350,289,252
737615,630,477,358
737623,71,36,16
737631,1509,1125,904
737640,554,464,421
737658,541,456,364
737666,193,154,150
737674,454,327,282
737682,315,254,184
737704,423,362,302
737712,241,186,143
737739,681,519,438
737747,184,146,115
737755,221,175,141
737763,339,229,153
737771,1264,963,843
737780,472,338,252
737798,119,128,92
737801,525,461,352
737810,1916,1930,1587
737828,1142,816,618
737836,320,234,212
737844,231,165,121
737852,781,660,553
737879,537,380,293
737887,387,258,198
737895,229,157,136
71048,77226,70894,71852
737909,1025,890,809
737917,453,393,342
737925,695,656,650
737933,790,750,844
737941,575,495,461
737950,802,799,999
737968,919,1813,1910
737976,201,159,137
737984,293,264,207
737992,700,636,524
738000,1840,1561,1287
738018,231,190,145
738026,182,124,88
738034,625,550,613
738042,758,430,379
738069,356,272,202
738077,848,649,548
738085,1118,1003,1147
738093,589,501,450
738107,605,438,419
738115,859,737,632
738123,131,102,88
738131,63,45,36
738140,55,27,21
738158,253,235,287
738166,629,619,588
738174,1687,1628,1640
738182,1028,952,930
738204,1033,861,798
738212,443,328,282
738239,163,139,116
738247,2906,2777,2863
738255,510,445,377
738263,194,165,131
738271,489,430,394
738280,1427,1229,1043
738298,289,233,150
738301,752,694,618
738310,582,495,412
738328,1933,1729,2017
738336,3259,3165,3601
738344,394,304,287
738352,37560,35589,37282
738379,424,381,352
738387,233,228,167
738395,607,560,460
738409,123,76,52
738417,1976,479,365
738425,43,36,20
738433,1938,2237,2448
738441,309,248,201
738450,531,453,390
738468,798,695,643
71056,33136,25511,23551
738476,2265,1349,1226
738484,373,230,188
738492,1345,1050,837
738506,385,180,173
738514,1427,1017,936
738522,1539,1012,917
738549,1630,1050,1095
738557,831,607,504
738565,421,309,246
738573,541,386,327
738581,3247,2569,2345
738590,938,778,704
738603,355,217,166
738611,463,254,223
738620,805,550,492
738638,1001,572,460
738646,601,356,344
738654,9622,9395,9198
738662,1076,690,617
738689,1256,757,667
738697,1371,901,729
738719,1644,1282,1157
71200,38747,33567,30645
744336,1267,871,725
744344,1510,979,717
744352,1358,884,806
744379,856,372,293
744387,317,246,191
744395,307,267,219
744409,1181,646,571
744417,1499,1258,1080
744425,332,190,142
744433,1954,1546,1283
744441,1939,1712,1656
744450,697,574,501
744468,662,535,436
744476,1698,1468,1204
744484,1803,1434,1350
744492,21367,20585,19471
RS216,283108,259441,241999
70017,33215,29389,26522
700029,6354,6476,6228
700037,432,421,282
700045,424,360,299
700053,308,263,235
700061,168,120,72
700070,484,470,441
700088,263,188,167
700096,478,400,382
700100,565,488,492
700118,381,297,267
700126,125,75,41
700134,609,518,429
700142,451,421,393
700169,580,457,403
700177,964,769,676
700185,213,200,185
700193,859,674,568
700207,182,145,121
700215,754,697,621
700223,425,374,341
700231,392,296,239
700240,1010,930,824
700258,316,297,253
700266,1243,1068,942
700274,299,255,265
700282,627,437,357
700304,888,907,912
700312,211,148,117
700339,574,474,416
700347,954,821,745
700355,209,193,151
700363,381,298,248
700371,371,323,276
700380,954,802,762
700398,450,402,353
700401,339,292,225
700410,283,266,211
700428,490,403,336
700436,574,400,333
700444,77,92,108
700452,531,482,455
700479,583,651,758
700487,388,317,268
700495,410,214,117
700509,508,213,136
700517,264,164,149
700525,1197,1244,1192
700533,69,53,40
700541,270,194,122
700550,591,615,595
700568,838,715,630
700576,270,241,204
700584,581,494,411
700592,629,496,439
700606,425,379,290
70343,21331,18764,16317
706973,699,498,346
706981,83,50,32
706990,210,183,105
707007,379,331,295
707015,172,129,87
707023,65,45,36
707031,439,373,307
707040,240,198,156
707058,251,258,238
707066,4558,4653,4636
707074,307,293,253
707082,627,651,594
707104,78,57,37
707112,468,437,397
707139,209,138,92
707147,127,90,62
707155,97,97,80
707163,143,134,130
707171,556,499,411
707180,147,104,62
707198,122,87,51
707201,281,209,152
707210,135,102,79
707228,17,38,47
707236,480,456,360
707244,37,23,17
707252,172,92,63
707279,201,149,113
707287,402,427,398
707295,455,370,295
707309,745,637,592
707317,749,637,559
707325,61,40,31
707333,73,60,39
707341,523,496,370
707350,63,59,44
707368,205,156,127
707376,115,107,94
707384,775,519,384
707392,991,932,865
707406,185,174,126
707414,261,223,187
707422,167,182,78
707449,229,184,184
707457,762,474,382
707465,76,56,33
707473,277,190,156
707481,146,95,83
707490,158,132,122
707503,112,87,61
707511,564,479,396
707520,414,356,308
707538,71,55,26
707546,567,493,417
707554,91,50,32
707562,575,578,577
707589,45,33,28
707597,174,109,85
70378,23821,20122,17966
709115,2812,2381,2022
709123,2161,1963,1713
709131,2306,2198,2169
709140,1899,1779,1587
709158,1642,1468,1357
709166,303,243,213
709174,1190,1012,914
709182,431,351,279
709204,1024,881,742
709212,833,531,494
709239,515,409,290
709247,356,317,244
709255,535,453,386
709263,621,539,499
709271,3978,3221,3062
709280,826,698,626
709298,178,142,136
709301,635,542,444
709310,495,149,105
709328,758,570,498
709336,323,275,186
70670,138111,131368,128752
720585,537,526,632
720593,1546,1387,1217
720607,448,402,339
720615,186,330,275
720623,243,179,149
720631,117,82,72
720640,195,151,139
720658,385,367,319
720666,302,242,207
720674,437,433,351
720682,850,806,722
720704,947,899,891
720712,1177,1035,927
720739,2983,2682,2382
720747,885,875,815
720755,136,109,103
720763,934,648,602
720771,540,462,419
720780,382,348,308
720798,144,140,119
720801,842,811,689
720810,545,535,540
720828,478,402,364
720836,1933,1656,1390
720844,890,832,815
720852,489,415,371
720879,549,468,412
720887,728,594,523
720895,2798,2775,2687
720909,142,131,141
720917,357,262,209
720925,522,484,459
720933,1006,812,680
720941,401,361,287
720950,1115,898,738
720968,248,206,179
720976,280,214,163
720984,713,642,543
720992,2063,2040,1784
721000,360,291,259
721018,505,474,443
721026,1652,1460,1282
721034,1560,1485,1563
721042,727,710,627
721069,137,113,125
721077,1312,1139,1014
721085,402,393,383
721093,898,862,808
721107,58808,57347,58745
721115,2068,1794,1535
721123,771,671,558
721131,1329,1521,1905
721140,334,345,385
721158,289,228,170
721166,318,287,269
721174,606,525,499
721182,532,491,474
721204,1772,1618,1414
721212,301,262,259
721239,180,174,150
721247,485,407,388
721255,730,657,564
721263,2230,2369,2604
721271,181,145,128
721280,1433,1295,1135
721298,746,626,517
721301,735,764,774
721310,2808,3366,4059
721328,1107,580,581
721336,971,877,758
721344,1307,1929,2375
721352,2157,2179,2026
721379,350,312,249
721387,2262,2101,2175
721395,437,353,341
721409,159,125,119
721417,501,393,399
721425,914,697,613
721433,245,277,189
721441,70,41,26
721450,294,241,195
721468,614,546,478
721476,291,250,221
721484,117,104,95
721492,70,66,60
721506,1009,912,792
721514,440,417,347
721522,453,367,297
721549,1000,878,805
721557,1010,889,883
721565,717,681,581
721573,786,715,656
721581,300,268,242
721590,424,401,360
721603,234,210,176
721611,2978,3154,3114
721620,689,706,657
721638,1285,1153,978
721646,435,385,373
721654,188,166,152
721662,615,535,441
71170,54873,49043,42966
742643,1235,1055,972
742651,382,311,252
742660,781,636,569
742678,795,725,653
742686,592,458,280
742694,2959,2719,2363
742708,489,417,369
742716,365,289,230
742724,836,665,532
742732,498,430,400
742759,149,109,79
742767,591,596,562
742775,119,125,131
742783,943,708,606
742791,498,410,360
742805,258,214,181
742813,632,624,537
742821,539,492,448
742830,840,670,582
742848,454,373,326
742856,174,152,261
742864,102,53,26
742872,403,380,336
742899,903,800,677
742902,787,735,616
742929,404,333,266
742937,3021,2694,2270
742945,656,548,491
742953,2219,1917,1592
742961,319,261,215
742970,7,37,30
742988,1701,1562,1370
742996,120,84,64
743003,222,198,166
743011,1400,1214,1063
743020,433,384,332
743038,983,838,754
743046,330,318,318
743054,303,233,136
743062,688,515,416
743089,905,730,577
743097,631,559,501
743119,1056,928,857
743127,849,733,646
743135,1467,1325,1209
743143,702,664,570
743151,236,210,179
743160,582,485,407
743178,18441,17180,15282
743186,561,478,449
743194,313,469,458
71196,11757,10755,9476
744239,156,118,68
744247,888,800,693
744255,1005,927,811
744263,51,36,17
744271,280,221,187
744280,665,593,516
744298,1056,986,846
744301,2048,1828,1563
744310,210,152,108
744328,5398,5094,4667
RS217,300274,291230,309258
70459,25875,26492,27527
712345,1529,1418,1400
712353,9812,9877,10065
712361,1846,2025,2268
712370,283,246,226
712388,79,68,59
712396,2045,2011,1833
712400,954,955,985
712418,3619,3952,4461
712426,627,543,498
712434,1365,1446,1502
712442,410,399,334
712469,1826,2019,2466
712477,473,391,245
712485,1007,1142,1185
70653,125772,121707,125488
719307,2065,2198,2232
719315,275,260,248
719323,194,165,138
719331,246,205,183
719340,687,547,448
719358,116,94,71
719366,194,174,83
719374,143,104,77
719382,572,482,350
719404,238,184,115
719412,679,599,540
719439,1829,1649,1524
719447,1008,831,714
719455,1320,1286,1366
719463,1018,925,853
719471,127,94,68
719480,482,352,251
719498,1228,1066,924
719501,163,86,85
719528,683,730,819
719536,442,341,292
719544,222,198,151
719552,746,672,656
719579,138,108,79
719587,636,638,627
719595,171,143,120
719609,306,244,166
719617,956,971,1165
719625,269,196,144
719633,72,31,20
719641,128,109,84
719650,594,836,786
719668,209,180,160
719676,311,283,251
719684,1972,2133,2287
719692,1108,1113,1255
719706,3351,3372,3745
719714,58361,58847,64175
719749,1418,1258,1074
719757,1069,865,695
719765,410,324,293
719773,151,133,114
719781,372,303,255
719790,86,45,34
719803,455,383,442
719811,2262,2732,2950
719820,103,98,60
719838,179,163,158
719846,625,688,722
719854,473,432,376
719862,680,593,501
719889,345,293,228
719897,1124,1085,1019
719919,295,260,172
719927,1490,1350,1307
719935,326,274,251
719943,766,720,653
719951,944,911,899
719960,183,131,70
719978,438,309,219
719986,316,286,242
719994,528,460,367
720003,77,39,26
720011,346,309,256
720020,340,300,307
720038,229,170,80
720046,1039,902,882
720054,823,784,711
720062,2772,2715,3210
720089,267,221,153
720097,2119,1527,1624
720119,501,405,315
720127,299,247,211
720135,387,278,183
720143,256,166,79
720151,1783,1636,1466
720160,302,243,199
720178,1479,1347,1338
720186,111,91,68
720194,1526,1314,1198
720208,1394,1271,1148
720216,112,81,60
720224,337,195,120
720232,378,306,195
720259,78,39,21
720267,1958,2040,1881
720275,1169,1070,977
720283,672,625,537
720291,1029,1114,1330
720305,1379,1204,1089
720313,573,544,499
746649,3740,3982,4972
70874,85249,85996,100410
729990,424,362,314
730009,577,563,537
730017,350,466,566
730025,71,36,39
730033,98,89,79
730041,161,116,79
730050,1069,820,893
730068,229,218,198
730076,379,195,137
730084,9,5,
730092,486,501,604
730106,53,29,9
730114,108,90,91
730122,73,64,36
730149,54,36,20
730157,152,115,197
730165,436,329,284
730173,376,245,146
730181,113,15,7
730190,81,64,48
730203,44,33,18
730211,97,50,30
730220,28,19,11
730238,53,28,19
730246,194,170,148
730254,213,238,288
730262,176,109,49
730289,112,87,66
730297,94,89,127
730319,142,124,86
730327,139,80,50
730335,291,254,363
730343,99,49,41
730351,22,12,9
730360,663,813,1038
730378,1327,1566,1596
730386,41,27,17
730394,45,18,9
730408,609,467,526
730416,36,21,15
730424,56,35,19
730432,302,243,240
730459,599,462,577
730467,96,87,86
730475,188,125,90
730483,590,458,425
730491,185,133,99
730505,407,319,327
730513,106,70,36
730521,745,489,415
730530,1007,850,757
730548,237,186,132
730556,200,231,202
730564,2759,3407,4169
730572,821,545,705
730599,38,26,10
730602,51749,54604,66527
730629,82,50,15
730637,64,36,26
730645,263,201,146
730653,1144,1349,1686
730661,286,179,134
730670,246,178,134
730688,620,982,1333
730696,61,42,13
730700,41,26,6
730718,1540,2176,2889
730726,981,523,513
730734,162,145,144
730742,169,117,82
730769,177,83,69
730777,2868,3471,3930
730785,145,159,177
730793,78,53,18
730807,54,28,6
730815,228,152,99
730823,105,63,30
730831,38,29,17
730840,598,537,659
730858,350,208,189
730866,34,21,7
730874,67,51,50
730882,1096,897,886
730904,646,778,876
730912,35,23,17
730939,361,297,254
730947,19,8,
730955,55,40,14
730963,33,19,12
730971,125,87,67
730980,135,89,75
730998,834,694,946
731005,186,128,90
731013,195,193,282
731021,54,20,7
731030,333,260,177
731048,435,247,330
731056,397,398,299
731064,100,77,100
71021,28747,26981,24678
736864,169,91,74
736872,1614,1636,1482
736899,906,839,678
736902,70,48,17
736929,529,462,388
736937,610,587,533
736945,309,179,113
736953,76,50,29
736961,259,177,89
736970,154,70,25
736988,69,67,64
736996,414,408,395
737003,360,298,249
737011,1419,1497,1537
737020,233,135,107
737038,126,117,95
737046,260,228,159
737054,83,53,36
737062,445,368,246
737089,319,350,334
737097,161,151,120
737119,232,224,205
737127,93,71,79
737135,1296,1154,1036
737143,580,527,467
737151,95,72,56
737160,363,283,203
737178,139,99,19
737186,608,529,443
737194,232,187,139
737208,113,62,28
737216,196,150,94
737224,95,108,71
737232,127,117,115
737259,74,52,30
737267,52,38,20
737275,272,162,225
737283,173,148,117
737291,417,351,281
737305,205,259,168
737313,35,34,14
737321,175,156,109
737330,195,184,179
737348,567,486,462
737356,131,99,72
737364,282,222,143
737372,674,624,429
737399,31,11,3
737402,95,54,12
737429,248,224,159
737437,414,240,173
737445,6437,6619,6590
737453,756,687,620
737461,446,391,334
737470,161,126,83
737488,231,152,90
737496,2966,3525,4050
737500,76,67,42
737518,281,259,219
737526,358,246,203
737534,241,171,126
71188,34631,30054,31155
743208,160,61,63
743216,100,72,72
743224,152,121,71
743232,441,347,452
743259,158,98,71
743267,75,33,8
743275,74,29,37
743283,403,379,312
743291,312,230,202
743305,60,57,40
743313,143,88,37
743321,76,53,73
743330,216,251,594
743348,552,450,465
743356,127,58,48
743364,237,196,153
743372,261,157,186
743399,261,265,249
743402,13,14,6
743429,129,89,124
743437,272,36,98
743445,151,95,72
743453,250,133,140
743461,170,93,101
743470,62,67,94
743488,132,106,64
743496,524,445,509
743500,319,224,164
743518,485,240,186
743526,125,101,101
743534,614,465,389
743542,1357,950,1080
743569,845,916,1089
743577,56,56,54
743585,622,518,432
743593,75,57,54
743607,362,370,370
743615,274,344,654
743623,187,151,122
743631,562,505,446
743640,112,107,128
743658,159,138,105
743666,134,85,81
743674,207,215,149
743682,215,237,217
743704,197,100,83
743712,43,41,73
743739,434,259,192
743747,476,322,233
743755,392,335,292
743763,91,82,36
743771,255,242,337
743780,666,431,449
743798,820,996,974
743801,311,198,182
743810,290,218,221
743828,203,161,257
743836,297,189,139
743844,82,77,30
743852,452,455,582
743879,420,255,129
743887,87,40,36
743895,436,369,231
743909,225,162,105
743917,141,123,108
743925,351,276,245
743933,106,79,94
743941,339,314,286
743950,311,267,279
743968,314,202,142
743976,470,402,357
743984,134,90,75
743992,321,238,217
744000,137,104,110
744018,957,885,947
744026,100,74,71
744034,155,103,74
744042,128,42,57
744069,390,821,1070
744077,395,294,308
744085,269,194,179
744093,51,46,23
744107,414,401,405
744115,221,156,113
744123,8840,9111,10094
744131,95,76,63
744140,176,136,80
744158,284,238,233
744166,125,84,68
744174,226,136,123
744182,393,231,221
744204,138,74,95
744212,252,223,275
RS218,312160,298778,293308
70033,47618,48129,46225
701408,23837,24905,24797
701416,1933,2246,2194
701424,698,606,470
701432,881,797,688
701459,2653,2743,2622
701467,1695,1576,1315
701475,2826,2940,3418
701483,509,411,297
701491,685,605,482
701505,704,583,410
701513,578,480,375
701521,1030,1024,918
701530,791,781,659
701548,1461,1462,1484
701556,2095,2023,1813
701564,1124,1015,881
701572,1851,1685,1462
701599,1438,1486,1285
701602,829,761,655
70076,13459,12220,11760
702838,1272,1165,1084
702846,5584,5574,5804
702854,2694,2073,1754
702862,273,245,206
702889,537,420,381
702897,974,830,742
702919,699,549,482
702943,584,584,555
702951,139,148,176
702960,211,186,166
702978,492,446,410
70599,18724,16148,14237
716758,52,29,32
716766,477,440,374
716774,439,390,322
716782,450,364,274
716804,872,692,590
716812,270,224,182
716839,425,348,290
716847,566,520,453
716855,186,169,133
716863,863,769,699
716871,748,760,779
716880,537,458,371
716898,237,201,153
716901,958,790,702
716910,1144,943,844
716928,236,247,220
716936,201,173,125
716944,340,258,220
716952,573,462,377
716979,215,187,163
716987,285,208,196
716995,2462,2294,2181
717002,246,190,157
717029,197,182,171
717037,342,294,255
717045,618,567,459
717053,442,385,389
717061,475,369,338
717070,486,456,408
717088,657,545,461
717096,752,577,440
717100,335,260,230
717118,259,226,196
717126,176,133,109
717134,435,364,335
717142,768,674,609
70645,180084,175802,179417
718572,100,73,51
718599,623,621,627
718629,810,649,669
718637,337,229,218
718645,351,284,226
718653,859,673,498
718661,383,350,329
718670,433,412,378
718688,832,671,592
718696,509,541,520
718700,918,839,748
718718,308,273,226
718726,738,655,548
718734,404,322,241
718742,1388,1280,1383
718769,1416,1401,1623
718777,423,399,422
718785,550,493,425
718793,801,651,540
718807,623,557,509
718815,698,545,492
718823,806,845,1150
718831,765,828,915
718840,366,356,333
718858,287,218,153
718866,627,699,736
718874,55,67,55
718912,195,154,165
718939,1241,1165,1279
718947,495,431,329
718963,765,692,630
718971,255,304,185
718980,147305,146373,150835
718998,224,236,234
719005,1212,1065,981
719013,122,83,44
719021,258,249,203
719048,130,100,89
719056,299,294,267
719064,603,478,436
719072,109,99,86
719099,443,406,404
719102,606,452,603
719129,286,241,187
719145,625,573,516
719153,141,123,89
719161,454,340,318
719170,1322,1147,1080
719188,464,404,394
719200,1295,967,827
719226,59,24,15
719234,459,595,814
719242,170,160,129
719269,776,719,841
719277,929,904,935
719285,1865,1600,1478
719293,567,493,417
71013,15216,12959,11503
736678,299,269,294
736686,499,389,319
736694,702,559,498
736708,993,830,734
736716,850,700,610
736724,124,132,110
736732,1030,887,836
736759,1474,1008,917
736767,316,265,213
736775,917,726,549
736783,559,486,425
736791,673,632,558
736805,488,412,358
736813,2729,2744,2603
736821,1521,1241,1037
736830,838,673,542
736848,594,507,430
736856,503,389,373
746819,107,110,97
71153,27579,25292,22329
741914,1269,1182,1017
741922,739,591,493
741949,850,672,591
741957,1335,1176,1097
741965,316,278,237
741973,1979,1736,1539
741981,622,558,494
741990,410,319,284
742007,197,153,126
742015,382,304,295
742023,1076,921,772
742031,874,800,690
742040,1180,1016,853
742058,930,765,677
742066,445,563,389
742074,408,375,329
742082,1093,945,785
742104,1366,1146,957
742112,794,775,641
742139,558,558,508
742147,185,144,132
742155,311,236,206
742163,924,834,655
742171,797,630,536
742180,66,70,55
742198,667,559,516
742201,250,189,168
742210,420,417,334
742228,4592,5422,4973
742236,1860,1363,1472
742244,684,595,508
71277,9480,8228,7837
702927,8655,7422,7143
702935,825,806,694
RS22,1940252,1753004,1563916
RS221,178718,146551,124992
70327,59900,55817,48615
706418,40668,39387,34160
706426,3140,2950,2690
706434,789,666,579
706442,1446,1114,930
706469,1049,823,741
706477,4280,3757,3299
706485,1586,1316,1052
706493,702,612,537
706507,1569,1331,1111
706515,798,654,586
706523,1116,921,890
706531,442,350,319
706540,154,100,97
706558,2161,1836,1624
70572,31881,23613,20635
716502,1557,1076,860
716529,843,563,437
716537,668,265,215
716545,1540,996,792
716553,1393,757,542
716561,2051,880,685
716570,626,610,534
716588,9626,9142,8869
716596,904,727,634
716600,1481,1067,740
716618,1177,1053,961
716626,657,317,237
716634,1366,458,364
716642,1155,783,782
716669,356,250,168
716677,275,186,143
716685,812,909,767
716693,224,129,79
716707,1944,1143,981
716715,438,278,203
716723,106,45,23
716731,1553,1012,827
716740,1129,967,792
70785,27378,23703,18686
726770,803,672,512
726788,949,767,604
726796,1305,1079,736
726800,507,458,405
726818,3338,3132,2410
726826,822,717,582
726834,880,711,595
726842,516,431,348
726869,11760,10071,7699
726877,468,406,319
726885,920,787,720
726893,2549,2309,2010
726907,1305,1064,856
726915,1256,1099,890
70840,59559,43418,37056
728454,744,533,335
728462,426,355,257
728489,2399,1442,1136
728497,316,206,121
728519,1126,822,656
728527,451,316,260
728535,1011,564,481
728543,2320,882,782
728551,994,588,459
728560,2988,1884,1413
728578,772,581,511
728586,608,520,364
728594,2507,1355,1148
728608,623,411,292
728616,998,392,317
728624,971,683,481
728632,913,517,443
728659,1449,718,526
728667,1140,710,550
728675,17355,17758,16882
728683,1127,953,886
728691,606,487,345
728705,2296,1506,1196
728713,2715,1540,1211
728721,599,436,275
728730,649,469,353
728748,258,183,123
728756,1021,464,437
728764,1070,838,599
728772,1009,479,437
728799,225,163,112
728802,951,502,444
728829,490,349,246
728837,667,479,362
728845,2826,1191,831
728853,426,272,199
728861,803,557,413
728870,496,374,299
728888,1214,939,874
RS222,253992,200806,183625
70394,27174,20659,17610
709484,605,430,389
709492,5973,5658,5825
709506,404,280,201
709514,1081,717,519
709522,768,409,304
709549,532,338,235
709557,1063,749,623
709565,457,347,299
709573,945,718,552
709581,598,431,324
709590,1335,964,733
709603,952,742,686
709611,660,409,270
709620,1469,1024,788
709638,1282,975,820
709646,366,300,264
709654,692,453,328
709662,962,799,650
709689,220,190,162
709697,359,294,255
709719,1201,894,604
709727,693,530,468
709735,1824,1098,832
709743,655,522,457
709751,1102,899,744
709760,976,489,278
70475,12513,9913,8331
712868,641,464,352
712876,314,265,215
712884,1093,942,805
712892,531,391,294
712906,375,345,381
712914,373,290,247
712922,1995,1896,1653
712949,532,305,245
712957,755,678,540
712965,453,350,311
712973,213,176,161
712981,290,142,96
712990,655,493,388
713007,647,429,357
713015,328,193,154
713023,378,291,226
713031,705,527,466
713040,398,328,239
713058,103,97,77
713066,339,261,233
713074,241,191,169
713082,354,201,148
713104,377,319,314
713112,423,339,260
70521,19847,13337,11380
714828,1956,1546,1414
714836,1225,825,671
714844,1402,863,721
714852,2376,1310,1267
714879,2082,1745,1174
714887,611,404,306
714895,874,474,372
714909,1116,862,789
714917,387,281,274
714925,3454,2036,1803
714933,371,213,192
714941,574,407,377
714950,2006,1465,1206
714968,539,265,243
714976,874,641,571
70530,17777,14823,12737
714984,464,361,281
714992,267,211,158
715000,567,492,389
715018,3349,2823,2590
715026,449,376,307
715034,733,671,539
715042,2045,1696,1542
715069,765,649,534
715077,2434,2063,1881
715085,29,15,8
715093,62,44,33
715107,618,445,365
715115,872,828,680
715123,1380,1187,1048
715131,591,485,356
715140,585,453,363
715158,989,704,496
715166,1578,1320,1167
70696,25649,18808,15516
722685,72,38,26
722693,1297,468,355
722707,674,503,402
722715,383,281,235
722723,1318,1123,919
722731,486,301,220
722740,1646,1110,890
722758,327,251,186
722766,937,712,589
722774,570,468,386
722782,4846,4506,3944
722804,386,236,189
722812,157,135,104
722839,711,465,403
722847,1319,740,596
722855,3128,2365,1954
722863,1441,1219,1025
722871,260,131,119
722880,1288,803,609
722898,806,464,421
722901,354,232,175
722910,293,151,111
722928,932,599,466
722936,425,317,243
722944,436,381,314
722952,1157,809,635
70807,19940,13853,11458
727067,257,159,124
727075,781,606,510
727083,2480,1788,1390
727091,694,493,401
727105,926,611,566
727113,779,462,377
727121,387,247,179
727130,647,478,421
727148,1547,930,727
727156,428,355,283
727164,908,699,653
727172,647,377,278
727199,1113,882,724
727202,1000,768,693
727229,2753,1873,1462
727237,1374,969,820
727245,1373,969,838
727253,1632,1064,898
727261,214,123,114
70912,46414,34511,31259
731684,1013,828,704
731692,696,481,341
731706,1235,849,731
731714,1704,1171,1025
731722,696,428,368
731749,1672,1244,1169
731757,2694,1925,1735
731765,319,167,246
731773,707,473,378
731781,953,643,537
731790,918,582,482
731803,1262,756,618
731811,926,716,647
731820,1227,1010,914
731838,796,476,469
731846,489,482,646
731854,803,499,589
731862,616,390,359
731889,650,463,396
731897,918,635,571
731919,1122,748,689
731927,1473,924,799
731935,1246,911,771
731943,546,260,208
731951,568,416,370
731960,8255,8117,7447
731978,2787,1779,1559
731986,1264,815,661
731994,1786,1424,1274
732001,891,585,434
732010,1323,955,1027
732028,973,708,616
732036,1688,1066,1074
732044,2198,1585,1405
79049,84678,74902,75334
70947,69838,61402,61697
732869,1313,923,833
732877,920,596,608
732885,759,491,394
732893,1106,874,779
732907,776,629,462
732915,1216,1017,873
732923,1039,844,735
732931,1166,910,834
732940,1252,1046,894
732958,1521,1225,1037
732966,914,728,643
732974,1144,744,575
733008,2084,1329,1078
733024,2703,2095,2287
733032,668,548,467
733059,392,346,312
733083,43885,41736,44183
733091,2153,1610,1502
733105,1125,871,668
733113,816,518,469
733130,1241,915,786
733148,1645,1407,1278
71340,14840,13500,13637
732982,1024,904,1021
733016,10365,9313,9569
733067,798,685,646
733075,1604,1285,1173
733121,1049,1313,1228
RS223,158131,137561,119967
70319,19384,15849,12994
706191,523,409,344
706205,1611,1348,1151
706213,3926,3784,3333
706221,321,315,277
706230,1684,1378,1095
706248,238,190,121
706256,590,415,305
706264,357,236,158
706272,178,121,105
706299,541,435,315
706302,802,549,335
706329,1386,704,584
706337,690,565,455
706345,287,183,141
706353,1668,1340,1125
706361,2475,2218,1913
706370,200,182,120
706388,601,470,335
706396,501,365,288
706400,805,642,494
70556,72763,65969,59461
715506,282,167,114
715514,589,456,315
715522,1239,998,819
715549,2945,2684,2399
715557,525,370,287
715565,1645,1340,1096
715573,733,570,457
715581,444,313,205
715590,961,945,683
715603,604,484,387
715611,345,185,122
715620,947,666,504
715638,1164,857,697
715646,3412,2839,2379
715654,593,455,365
715662,330,241,167
715689,39625,39491,38165
715697,1595,1675,1602
715719,158,153,100
715727,393,250,172
715735,676,532,420
715743,531,358,245
715751,365,204,147
715760,198,128,80
715778,1452,1052,808
715786,411,332,235
715794,584,454,372
715808,407,284,232
715816,437,305,209
715824,514,392,273
715832,1061,833,715
715859,463,305,205
715867,250,142,90
715875,2088,1721,1452
715883,1122,962,688
715891,396,275,208
715905,281,208,170
715913,570,474,391
715921,1141,856,707
715930,204,173,143
715948,672,511,383
715956,411,329,253
70602,44036,37172,31491
717169,20,12,1
717177,75,26,16
717185,422,328,242
717193,61,38,19
717207,256,187,133
717215,154,96,66
717223,446,243,165
717231,236,172,120
717240,66,26,17
717258,232,194,174
717266,540,369,256
717274,362,281,214
717282,984,757,596
717304,73,45,23
717312,575,424,292
717339,508,352,223
717347,224,172,114
717355,302,218,143
717363,27,10,3
717371,114,73,66
717380,573,377,258
717398,74,41,19
717401,526,475,420
717410,37,31,22
717428,379,329,285
717436,551,423,333
717444,51,27,15
717452,484,360,229
717479,199,136,86
717487,490,407,374
717495,37,15,7
717509,206,141,98
717517,135,88,59
717525,223,161,98
717533,169,114,63
717541,246,179,107
717550,278,191,110
717568,184,100,59
717576,483,349,241
717584,396,238,111
717592,52,37,23
717606,353,212,133
717614,298,256,224
717622,629,553,287
717649,88,52,25
717657,19705,19351,18404
717665,291,181,96
717673,178,137,67
717681,191,137,95
717690,106,69,42
717703,201,122,70
717711,239,154,86
717720,1026,828,779
717738,178,110,62
717746,360,208,126
717754,453,335,272
717762,437,256,156
717789,32,13,5
717797,161,120,62
717819,461,369,261
717827,211,144,66
717835,108,83,72
717843,96,54,25
717851,334,252,165
717860,40,28,15
717878,107,59,29
717886,419,319,266
717894,6,,
717908,212,112,79
717916,325,178,104
717924,176,124,90
717932,156,95,53
717959,78,51,23
717967,184,132,104
717975,21,5,3
717983,1998,1953,1855
717991,292,227,165
718009,237,152,140
718017,225,133,91
718025,406,253,166
718033,39,25,13
718041,308,173,88
718050,615,531,466
718068,94,61,59
718076,379,246,153
718084,133,77,49
71129,21948,18571,16021
740756,310,238,196
740764,448,352,282
740772,254,201,146
740799,814,598,472
740802,901,606,497
740829,838,690,519
740837,668,529,422
740845,397,310,255
740853,1422,898,686
740861,234,162,148
740870,470,382,314
740888,643,459,348
740896,530,418,308
740900,92,56,32
740918,424,354,298
740926,175,114,69
740934,1050,857,716
740942,337,260,193
740969,488,347,250
740977,8439,8407,7982
740985,434,342,291
740993,751,617,511
741019,79,54,33
741027,1042,806,651
741035,708,514,402
RS224,255011,240923,216304
70297,14498,13118,11104
705799,2825,3159,3100
705802,87,45,21
705829,389,276,228
705837,94,64,44
705845,641,509,393
705853,230,172,131
705861,226,172,92
705870,110,88,57
705888,614,520,470
705896,1013,1005,900
705900,40,17,22
705918,757,675,560
705926,131,110,88
705934,21,19,3
705942,105,88,36
705969,364,276,201
705977,739,668,553
705985,430,416,362
705993,690,647,529
706019,84,49,28
706027,271,204,147
706035,38,23,9
706043,301,190,144
706051,193,116,74
706060,107,94,54
706078,38,34,16
706086,221,152,86
706094,379,296,233
706108,956,951,876
706116,181,148,97
706124,55,41,38
706132,159,127,101
706159,1079,923,772
706167,123,79,34
706175,127,122,72
706183,680,643,533
70424,34302,33312,29893
710652,89,66,36
710679,831,806,795
710687,828,818,1004
710695,226,148,108
710709,232,165,86
710717,14552,16212,15882
710725,696,660,643
710733,84,66,46
710741,138,67,37
710750,293,208,100
710768,436,330,242
710776,404,270,163
710784,318,225,169
710792,117,97,54
710806,266,195,151
710814,232,141,72
710822,597,591,533
710849,297,184,121
710857,246,165,90
710865,647,497,359
710873,474,330,206
710881,315,200,83
710890,14,1,1
710903,625,461,336
710911,458,423,390
710920,27,8,6
710938,268,198,123
710946,1020,989,863
710954,745,732,379
710962,539,535,458
710989,974,904,806
710997,634,454,313
711004,957,934,832
711012,148,128,81
711039,80,52,27
711047,474,499,429
711055,200,151,62
711063,256,183,134
711071,180,132,110
711080,559,433,321
711098,260,215,172
711101,317,260,201
711110,1515,1603,1538
711128,77,48,29
711136,9,3,3
711144,315,224,125
711152,276,176,106
711179,1057,1125,1068
70718,27068,24918,22000
723185,311,214,138
723193,1853,1629,1550
723207,158,109,72
723215,375,358,307
723223,378,264,220
723231,80,57,42
723240,274,207,149
723258,538,420,331
723266,369,331,277
723274,167,95,37
723282,604,695,634
723304,429,289,159
723312,1005,913,806
723339,502,414,671
723347,359,250,154
723355,9528,10004,9272
723363,249,147,91
723371,420,389,341
723380,226,208,192
723398,175,121,105
723401,264,207,146
723410,1426,1559,1312
723428,62,47,26
723436,472,379,295
723444,195,113,72
723452,615,508,404
723479,160,94,39
723487,87,75,72
723495,173,131,76
723509,236,137,111
723517,105,57,28
723525,409,245,145
723533,925,828,698
723541,457,423,395
723550,531,507,471
723568,137,88,76
723576,650,521,413
723584,490,370,279
723592,1674,1515,1394
70726,161986,156252,144206
723606,734,515,357
723614,503,521,530
723622,467,372,247
723649,704,600,505
723657,646,629,568
723665,101,79,50
723673,1603,1782,2635
723681,1517,1571,1376
723690,267,245,185
723703,194,151,118
723711,3364,3531,3482
723720,394,364,303
723738,2167,2086,2027
723746,1308,1211,1106
723754,233,241,196
723762,354,295,277
723789,521,505,479
723797,536,516,472
723819,1570,1452,1279
723827,861,676,653
723835,760,791,696
723843,1095,1013,916
723851,29,11,4
723860,283,232,193
723878,3186,3090,2730
723886,642,584,503
723894,3492,3258,2865
723908,202,132,87
723916,210,118,67
723924,821,732,652
723932,632,633,541
723959,635,637,528
723967,250,189,141
723975,165,134,105
723983,248,210,181
723991,759,786,738
724009,433,454,445
724017,1772,1756,1829
724025,228,250,215
724033,738,762,710
724041,577,472,380
724050,484,404,374
724068,356,277,215
724076,734,605,525
724084,2431,2383,2136
724092,1228,1172,1058
724106,1987,1875,1766
724114,809,802,794
724122,370,321,320
724149,326,306,261
724157,1333,1338,1277
724165,142,97,46
724173,1144,1060,879
724181,300,300,225
724190,1620,1487,1283
724203,817,764,733
724211,1502,1661,1556
724220,1201,1136,1105
724238,366,289,255
724246,678,644,553
724254,822,791,652
724262,287,245,216
724289,365,309,294
724297,271,236,170
724319,769,724,572
724327,760,669,620
724335,163,189,168
724343,382,339,310
724351,531,482,422
724360,254,217,192
724378,260,271,252
724386,350,259,225
724394,353,292,258
724408,470,428,338
724416,613,514,400
724424,375,289,242
724432,240,206,167
724459,475,417,374
724467,113,68,50
724475,212,167,131
724483,365,362,318
724491,203,192,172
724505,74,47,17
724513,296,298,290
724521,843,825,799
724530,781,651,560
724548,62053,63185,60288
724556,1433,1287,1165
724564,198,139,97
724572,206,207,187
724599,350,275,254
724602,303,255,213
724629,865,778,775
724637,939,872,821
724645,108,63,44
724653,596,546,516
724661,1126,1053,903
724670,27,14,1
724688,1489,1431,1332
724696,925,898,826
724700,1462,1315,1159
724718,177,128,48
724726,248,120,38
724734,311,317,287
724742,2165,2210,1944
724769,224,152,89
724777,655,582,525
724785,283,173,111
724793,117,58,25
724807,392,387,387
724815,512,484,453
724823,132,108,146
724831,1930,1776,1500
724840,287,216,161
724858,348,283,208
724866,1434,1222,1088
724874,456,491,405
724882,478,448,364
724904,693,642,548
724912,101,78,73
724939,919,903,803
724947,1045,904,764
724955,741,739,689
724963,552,551,510
724971,480,436,422
724980,484,431,394
724998,677,639,479
725005,187,155,120
725013,1409,1344,1233
725021,553,402,265
725030,264,228,136
725048,576,521,477
725056,762,739,697
725064,439,380,321
725072,1804,1794,1493
725099,69,30,13
725102,175,133,78
725129,202,141,99
725137,1057,915,820
725145,372,335,312
725153,694,636,566
725161,256,216,210
725170,944,854,774
725188,646,639,609
70815,13368,10760,7438
727270,90,89,77
727288,114,59,47
727296,98,105,70
727300,59,21,28
727318,69,45,45
727326,731,571,458
727334,315,194,82
727342,203,139,96
727369,106,87,55
727377,252,276,40
727385,43,36,21
727393,93,59,52
727407,112,53,29
727415,279,186,159
727423,160,142,81
727431,197,149,117
727440,149,117,68
727458,304,253,41
727466,503,347,283
727474,34,13,5
727482,141,123,74
727504,337,236,177
727512,87,81,37
727539,3057,2810,2860
727547,116,82,54
727555,59,44,41
727563,473,426,413
727571,89,63,36
727580,53,41,33
727598,103,74,65
727601,593,364,225
727610,89,96,94
727628,350,267,191
727636,368,501,77
727644,815,359,133
727652,530,568,376
727679,142,179,69
727687,306,207,150
727695,171,91,33
727709,122,119,91
727717,244,166,162
727725,943,725,64
727733,167,141,86
727741,102,56,43
71226,3789,2563,1663
744921,34,23,11
744930,139,67,31
744948,17,8,2
744956,178,122,71
744964,26,19,8
744972,164,80,57
745006,455,205,94
745014,45,16,19
745022,177,97,46
745049,217,147,86
745057,277,198,126
745065,53,24,21
745073,57,29,20
745081,9,1,1
745090,70,40,10
745103,329,251,166
745111,46,33,21
745120,7,6,5
745138,53,40,30
745146,688,563,434
746681,52,43,27
746690,193,158,85
746703,38,31,24
746711,31,25,13
RS225,396043,381757,376319
70025,63844,57749,51863
700614,17030,17171,16685
700622,587,557,504
700649,1645,1467,1293
700657,205,178,151
700665,375,269,222
700673,56,43,22
700681,1226,1074,885
700690,690,554,482
700703,454,334,216
700711,844,740,834
700720,605,483,438
700738,479,398,312
700746,495,355,265
700754,568,501,380
700762,883,705,600
700789,593,512,432
700797,916,874,807
700819,8,4,1
700827,306,248,243
700835,400,343,246
700843,232,134,105
700851,617,510,388
700860,259,240,170
700878,784,659,539
700886,754,696,544
700894,141,115,94
700908,255,211,161
700916,496,388,305
700924,129,122,96
700932,366,320,301
700959,850,761,741
700967,451,364,286
700975,731,597,498
700983,1162,1188,899
700991,2735,2680,2624
701009,463,352,270
701017,224,210,174
701025,142,103,70
701033,700,571,455
701041,293,223,212
701050,996,773,689
701068,999,930,821
701076,374,332,282
701084,764,731,589
701092,509,418,332
701106,209,176,138
701114,449,380,302
701122,1081,942,826
701149,486,408,313
701157,210,176,135
701165,1992,1632,1391
701173,1972,1785,1744
701181,251,207,156
701190,789,743,699
701203,230,154,103
701211,245,173,96
701220,2409,2410,2362
701238,402,318,237
701246,637,493,444
701254,514,395,275
701262,1389,1094,889
701289,271,238,185
701297,301,241,174
701319,189,158,157
701327,1311,1061,893
701335,2050,1888,1717
701343,1616,1361,1274
701351,273,238,199
701360,219,175,127
701378,230,215,161
701386,168,122,85
701394,160,128,118
70467,12990,10464,8389
712493,394,270,216
712507,749,466,335
712515,201,179,149
712523,92,59,39
712531,1131,1245,1223
712540,306,171,104
712558,647,431,329
712566,499,488,407
712574,296,237,184
712582,833,771,648
712604,530,452,389
712612,271,217,154
712639,613,591,516
712647,63,60,39
712655,301,265,201
712663,140,92,56
712671,150,101,60
712680,166,99,59
712698,192,110,98
712701,643,414,269
712710,209,150,126
712728,330,256,195
712736,419,347,297
712744,62,50,34
712752,83,47,25
712779,337,237,148
712787,727,450,300
712795,397,309,226
712809,334,248,179
712817,403,403,316
712825,983,947,853
712833,125,62,44
712841,246,161,114
712850,118,79,57
70513,20662,19561,18463
714640,1387,1321,1244
714658,1536,1625,1657
714666,215,184,153
714674,648,586,526
714682,1595,1591,1451
714704,3025,2933,2835
714712,1198,1137,1076
714739,1716,1612,1479
714747,258,204,175
714755,4215,3956,3864
714763,635,516,404
714771,189,193,184
714780,1104,1008,922
714798,914,834,726
714801,1039,955,898
714810,988,906,869
70823,16139,14812,13968
727750,965,853,726
727768,361,393,409
727776,679,568,513
727784,1249,1236,1254
727792,1268,1185,1141
727806,840,830,792
727814,524,526,498
727822,643,562,547
727849,600,549,489
727857,227,250,218
727865,652,596,559
727873,569,492,385
727881,607,429,366
727890,583,538,536
727903,409,363,309
727911,617,513,492
727920,551,474,493
727938,303,266,226
727946,325,306,254
727954,704,607,509
727989,736,674,600
727997,909,873,905
728039,501,443,447
728047,360,370,335
728055,805,753,692
728063,90,96,84
746738,62,67,189
71005,13582,11369,9150
736414,335,266,125
736422,582,360,290
736449,1535,1277,1070
736457,260,193,161
736465,349,298,254
736473,631,525,421
736481,208,188,131
736490,166,126,73
736503,696,568,511
736511,489,385,326
736520,649,516,403
736538,320,264,191
736546,571,511,418
736554,441,326,285
736562,1370,1537,1245
736589,529,413,315
736597,1179,958,803
736619,1286,1052,891
736627,445,371,298
736635,91,66,48
736643,619,504,378
736651,249,194,160
736660,582,471,353
71064,20740,17284,14249
738727,415,343,268
738735,601,406,289
738743,185,106,76
738751,261,168,94
738760,255,163,107
738778,488,342,220
738786,137,94,66
738794,758,567,417
738808,301,201,134
738816,459,320,213
738824,311,199,133
738832,866,706,542
738859,536,547,189
738867,84,87,52
738875,924,722,439
738883,190,112,68
738891,198,122,70
738905,586,445,303
738913,323,210,119
738921,414,277,161
738930,406,272,166
738948,218,147,109
738956,92,44,29
738964,607,523,416
738972,237,141,92
738999,301,226,164
739006,101,75,51
739014,300,220,125
739022,56,34,26
739049,587,370,255
739057,259,155,111
739065,739,578,465
739073,274,200,132
739081,364,296,232
739090,7126,7358,7553
739103,183,130,88
739111,193,118,73
739120,330,219,189
739138,75,41,13
79022,248086,250518,260237
71285,14949,15359,14680
728896,168,116,66
729035,433,393,322
729108,384,324,290
729191,1724,1695,1590
729221,8,,
729248,181,101,49
729256,164,160,149
729302,2,2,6
729353,3710,3532,4651
729370,4179,4437,4380
729400,767,603,475
729477,1085,1900,956
729485,470,600,599
729493,148,102,56
729507,123,65,60
729515,73,35,12
729540,1012,1007,772
729647,318,287,247
71307,41595,42137,53486
728926,600,555,522
728977,288,287,225
729027,1290,1180,1147
729086,2924,2647,2513
729094,2696,4088,6758
729175,881,861,831
729183,456,416,396
729205,3966,3914,3745
729213,932,926,865
729299,1249,1202,1030
729396,449,370,299
729442,385,295,219
729604,386,306,212
792012,25093,25090,34724
71315,33881,33452,32301
728918,162,129,105
728969,652,537,454
728985,1064,1052,1112
729043,1311,1550,1127
729051,360,309,286
729078,722,946,917
729116,315,290,324
729124,728,697,647
729167,1595,1555,1838
729230,531,430,327
729272,347,300,248
729329,2564,2704,2674
729337,607,575,541
729345,301,253,182
729418,422,353,269
729426,335,272,234
729469,2517,2588,2847
729523,585,569,490
729531,1058,872,768
729566,426,374,344
729574,2223,2109,2127
729582,1497,1450,1370
729612,566,546,554
792039,12993,12992,12516
71323,71035,72165,73801
727962,888,879,831
728004,683,725,635
728012,331,312,337
728900,367,364,327
728942,441,516,548
728993,406,389,340
729019,1167,1189,1238
729060,1016,1021,1011
729132,182,152,254
729159,1480,1414,1722
729264,1842,1828,1806
729388,3689,4305,4795
729434,1705,2139,2938
729558,807,935,1010
729639,1429,1401,1412
792055,54602,54596,54597
71331,86626,87405,85969
728934,3665,4452,4642
792047,82961,82953,81327
RS226,116926,105654,92479
70050,19333,15734,12307
701858,104,71,54
701866,4270,4575,4601
701874,222,157,94
701882,151,90,41
701904,304,170,42
701912,260,194,142
701939,62,32,15
701947,358,266,222
701955,125,97,48
701963,678,459,278
701971,139,104,96
701980,247,141,78
701998,278,171,80
702005,321,248,143
702013,228,154,100
702021,645,537,420
702030,217,159,88
702048,160,82,45
702056,338,271,222
702064,229,259,227
702072,483,885,864
702099,209,136,82
702102,714,503,356
702129,332,254,191
702137,344,263,210
702145,310,198,102
702153,392,273,186
702161,579,419,313
702170,73,54,31
702188,59,31,7
702196,184,118,64
702200,368,287,202
702218,159,115,49
702226,52,28,10
702234,87,57,31
702242,356,257,181
702269,428,295,167
702277,165,83,44
702285,364,268,177
702293,282,202,149
702307,404,288,172
702315,151,71,41
702323,263,222,183
702331,455,340,251
702340,128,18,8
702358,84,50,16
702366,203,158,112
702374,455,347,248
702382,605,392,214
702404,372,200,120
702412,497,444,377
702439,248,126,61
702447,192,115,52
70084,16447,14381,12126
702986,107,51,24
702994,266,175,89
703001,8347,8626,8143
703010,50,26,18
703028,188,134,89
703036,143,72,44
703044,301,211,289
703052,217,152,96
703079,82,47,30
703087,85,34,15
703095,150,109,64
703109,21,10,2
703117,77,54,11
703125,186,141,95
703133,468,430,435
703141,120,83,57
703150,67,26,8
703168,298,216,165
703176,23,13,6
703184,44,30,18
703192,72,54,26
703206,336,222,189
703214,124,76,38
703222,140,110,68
703249,75,29,13
703257,50,35,62
703265,106,68,44
703273,34,24,10
703281,146,87,32
703290,89,43,12
703303,39,17,9
703311,704,492,303
703320,402,315,188
703338,86,46,33
703346,102,54,27
703354,132,90,41
703362,380,241,161
703389,274,171,113
703397,81,44,31
703419,117,68,30
703427,972,917,688
703435,35,27,27
703443,114,64,37
703451,140,103,87
703460,391,263,148
703478,66,81,11
70505,13488,11748,10118
714186,29,8,5
714194,45,19,7
714208,74,42,29
714216,38,19,6
714224,27,14,3
714232,28,12,5
714259,90,62,25
714267,32,9,1
714275,222,135,68
714283,53,17,19
714291,31,12,4
714305,333,264,242
714313,90,40,19
714321,39,17,8
714330,250,204,161
714348,7,4,3
714356,102,60,22
714364,7276,6968,6278
714372,65,31,17
714399,31,19,11
714402,95,81,49
714429,1442,1394,1311
714437,56,31,28
714445,61,38,24
714453,61,30,15
714461,279,166,80
714470,473,429,388
714488,65,27,30
714496,46,34,24
714500,30,11,6
714518,28,19,9
714526,81,33,11
714534,15,8,2
714542,133,77,31
714569,7,2,
714577,91,55,45
714585,133,87,84
714593,78,44,29
714607,61,32,24
714615,32,18,5
714623,298,163,104
714631,277,183,113
746657,784,830,773
70939,67658,63791,57928
732052,336,203,135
732079,788,693,594
732087,19,8,2
732095,41,37,24
732109,1632,1933,1838
732117,41,30,9
732125,697,630,578
732133,130,83,56
732141,22,17,6
732150,487,395,334
732168,614,523,401
732176,413,345,277
732184,101,54,23
732192,138,71,42
732206,336,270,219
732214,282,165,103
732222,2143,2478,2520
732249,49,29,29
732257,269,139,70
732265,452,412,362
732273,114,86,73
732281,231,116,57
732290,400,273,176
732303,593,472,387
732311,113,68,46
732320,905,781,729
732338,122,104,79
732346,182,113,87
732354,177,112,55
732362,117,67,45
732389,416,311,241
732397,1635,1444,1302
732419,56,38,8
732435,155,144,119
732443,349,281,251
732451,13,7,2
732460,46,20,10
732478,236,162,89
732486,1538,1458,1373
732494,140,143,114
732508,205,128,80
732516,145,75,40
732524,357,292,100
732532,91,56,32
732559,67,32,13
732567,487,389,286
732575,40267,40678,38785
732583,31,18,7
732591,170,126,57
732605,1306,1349,1276
732613,484,379,298
732621,251,143,79
732630,358,234,138
732648,472,391,325
732656,107,60,37
732664,347,183,106
732672,311,217,138
732699,190,138,56
732702,81,49,39
732729,503,367,261
732737,229,162,101
732745,742,609,457
732753,889,728,657
732761,1162,908,719
732770,160,108,51
732788,215,157,142
732796,61,30,11
732800,250,171,104
732818,154,135,100
732826,444,338,275
732834,423,331,236
732842,171,95,57
RS227,226089,209987,199395
70386,50650,44167,40902
709344,17197,16210,16088
709352,2636,2299,2110
709379,2082,1750,1709
709387,5101,4253,3777
709395,366,267,190
709409,6295,5607,4842
709417,4076,3228,2915
709425,4131,3426,2967
709433,1628,1256,1229
709441,770,689,543
709450,1404,1100,943
709468,3692,3022,2733
709476,1272,1060,856
71099,115617,109809,108209
740268,471,439,374
740276,720,444,428
740284,1426,1314,1206
740292,2888,2682,2690
740306,1220,1108,1020
740314,1364,1655,1890
740322,1274,1118,971
740349,2130,1906,1566
740357,1155,1196,1089
740365,954,1068,1141
740373,3859,3338,3077
740381,4213,3384,3078
740390,722,607,563
740403,1829,1753,1552
740411,1271,1139,994
740420,3570,3093,2656
740438,5430,4071,3560
740446,1085,1093,1451
740454,4995,4920,5428
740462,1358,1537,1209
740489,2688,2413,2107
740497,891,994,955
740519,2190,1880,1614
740527,63884,62805,64175
740535,910,849,788
740543,1960,2018,1837
740551,807,673,558
746746,353,312,232
71102,59822,56011,50284
740560,5365,4713,4014
740578,1288,1169,948
740586,890,789,683
740594,663,552,444
740608,1287,1161,975
740616,1011,930,883
740624,2405,2269,2083
740632,2714,2396,1981
740659,1299,1176,1106
740667,6089,5691,4886
740675,1047,887,799
740683,745,613,553
740691,1004,870,781
740705,2351,2035,1773
740713,4618,3864,3406
740721,25146,25300,23601
740730,482,419,365
740748,1418,1177,1003
RS228,243529,227690,159081
70335,11644,9931,8129
706566,42,7,11
706574,99,85,58
706582,226,174,107
706604,2440,2702,2624
706612,143,116,77
706639,131,77,45
706647,35,22,14
706655,428,327,278
706663,41,36,28
706671,605,474,328
706680,660,485,296
706698,168,95,66
706701,300,184,129
706710,160,93,63
706728,80,50,28
706736,365,316,195
706744,584,395,270
706752,140,79,49
706779,271,211,162
706787,623,397,260
706795,34,21,16
706809,230,193,129
706817,163,115,61
706825,128,96,50
706833,98,83,47
706841,205,140,77
706850,135,124,88
706868,230,125,77
706876,144,76,28
706884,164,133,104
706892,148,100,49
706906,180,164,155
706914,1652,1817,1840
706922,131,81,66
706949,56,39,23
706957,144,109,87
706965,261,190,144
70351,49238,43302,18067
707619,336,316,
707627,2534,2036,
707635,147,101,
707643,322,376,
707651,214,166,
707660,108,71,
707678,1423,1362,
707686,175,114,
707694,17050,12011,
707708,111,80,
707716,5896,6762,
707724,46,51,
707732,112,123,
707759,701,437,
707767,36,19,
707775,1029,747,
707783,141,120,
707791,101,86,
707805,65,,
707813,830,804,
707821,159,166,
707830,915,652,
707848,121,109,
707856,25,19,
707864,379,455,
707872,209,268,
707899,604,539,
707902,1278,1306,
707929,112,105,
707937,549,486,
707945,231,175,
707953,764,840,
707961,902,1126,
707970,797,825,
707988,44,31,
707996,957,1091,
708003,552,535,
708011,550,343,
708020,606,570,
708038,150,39,
708046,1224,1203,
708054,898,904,
708062,307,334,
708089,53,53,
708097,401,348,
708119,601,393,
708127,822,977,
708135,34,37,
708143,847,893,
708151,93,105,
708160,230,246,
708178,480,533,
708186,278,284,
708194,225,260,
708208,369,309,
708216,288,255,
708224,431,400,
708232,23,10,
708259,353,296,
70416,25255,23703,20871
710091,177,154,121
710105,97,65,41
710113,170,113,56
710121,249,136,55
710130,218,176,130
710148,146,115,102
710156,7835,8338,8030
710164,373,357,305
710172,531,554,483
710199,299,154,127
710202,256,246,212
710229,287,271,245
710237,219,152,105
710245,210,161,108
710253,1294,1339,1408
710261,190,121,67
710270,157,106,73
710288,329,221,119
710296,184,93,49
710300,109,108,104
710318,122,74,47
710326,275,235,207
710334,112,75,48
710342,34,22,10
710369,263,257,236
710377,42,20,19
710385,663,532,418
710393,135,102,63
710407,669,734,675
710415,222,177,139
710423,398,281,140
710431,216,197,143
710440,78,60,34
710458,864,641,375
710466,501,380,300
710474,108,39,25
710482,424,440,373
710504,1848,1625,1667
710512,391,392,296
710539,279,167,83
710547,162,136,80
710555,790,972,892
710563,481,344,213
710571,273,181,93
710580,163,162,75
710598,81,58,29
710601,1008,1113,1072
710610,793,859,821
710628,222,183,131
710636,87,71,45
710644,221,194,182
79057,86518,87288,83524
70432,74546,76239,73944
711187,501,527,492
711209,116,86,53
711217,135,161,145
711225,115,94,86
711233,119,87,56
711241,373,410,381
711268,83,78,59
711276,592,487,406
711284,158,92,56
711292,461,417,333
711306,51818,55052,55138
711322,1340,1355,1175
711349,1116,1051,786
711357,25,13,5
711365,115,109,86
711373,65,40,30
711381,220,213,204
711390,322,326,332
711403,293,247,187
711411,41,26,5
711420,491,502,486
711438,102,84,55
711446,108,101,86
711454,435,421,339
711462,39,21,7
711489,780,832,774
711497,552,633,930
711519,56,49,40
711527,288,167,117
711535,860,819,770
711551,116,97,58
711560,71,55,26
711578,725,795,777
711594,449,432,404
711608,67,39,23
711624,93,70,41
711667,367,234,121
711683,197,135,89
711705,154,134,104
711713,208,150,98
711730,152,125,103
711756,218,200,126
711764,38,20,8
711772,185,169,152
711799,73,37,19
711802,95,67,52
711829,308,273,211
711837,149,122,93
711845,531,442,413
711853,52,52,37
711870,142,125,81
711888,126,52,27
711896,84,72,35
711900,890,878,603
711926,33,,
711969,77,69,40
711977,452,490,460
711985,611,620,554
711993,371,471,472
712019,336,342,347
712027,56,47,33
712035,83,73,79
712051,221,153,103
712078,140,83,68
712086,387,326,510
712094,120,90,48
712108,129,113,82
712116,136,89,57
712132,174,119,65
712159,153,186,143
712167,43,21,13
712175,129,117,71
712183,395,576,645
712191,79,44,18
712205,93,61,36
712213,1291,1243,1295
712230,150,63,43
712248,87,44,13
712256,958,1007,1030
712264,31,13,10
712272,63,32,17
712299,229,184,119
712329,264,266,245
712337,46,22,8
71358,11972,11049,9580
711195,127,79,37
711250,718,796,784
711314,5779,5882,5347
711543,181,154,123
711586,406,357,358
711616,264,173,114
711632,668,711,663
711659,17,14,5
711675,1223,870,590
711691,306,283,243
711721,138,80,48
711748,119,79,36
711861,216,132,85
711918,215,209,184
711934,310,203,124
711942,151,153,167
712043,197,136,126
712060,275,143,77
712124,69,44,18
712221,525,519,436
712302,68,32,15
70963,38943,34904,3080
733628,1072,1033,
733636,38,19,
733644,164,89,
733652,131,108,
733679,630,905,
733687,905,872,
733695,110,,
733709,383,294,
733717,130,101,
733725,51,41,
733733,544,441,
733741,310,342,
733750,1405,1248,
733768,155,136,
733776,184,146,
733784,51,29,
733792,217,174,
733806,3072,2774,
733814,1052,992,
733822,4113,3774,
733849,104,125,
733857,15107,13426,
733865,2110,1954,
733873,246,65,
733881,796,694,
733890,133,103,
733903,106,57,
733911,515,482,
733920,131,68,
733938,997,995,
733946,1397,1160,
733954,183,221,
733962,145,70,
733989,1730,1454,
733997,526,512,
71137,24785,22190,20319
741043,1394,1503,1547
741051,157,98,63
741060,603,553,501
741078,45,23,12
741086,511,333,198
741094,281,163,128
741108,426,276,175
741116,287,252,164
741124,112,50,17
741132,93,50,17
741159,58,40,21
741167,145,81,48
741175,214,142,67
741183,418,509,390
741191,135,78,53
741205,66,42,25
741213,288,275,246
741221,744,890,979
741230,1319,1173,1056
741248,124,102,83
741256,318,183,99
741264,508,332,206
741272,24,7,1
741299,122,81,55
741302,230,139,104
741329,1267,1245,1223
741337,508,259,120
741345,169,87,30
741353,65,18,5
741361,87,40,20
741370,207,140,71
741388,101,53,25
741396,1004,926,774
741400,11357,10914,10888
741418,96,69,56
741426,107,53,29
741434,190,122,58
741442,36,6,3
741469,286,261,206
746665,568,545,512
746673,115,77,44
71161,7146,6372,5091
742252,83,53,21
742279,214,154,125
742287,57,50,42
742295,113,63,39
742309,86,74,40
742317,117,86,51
742325,119,101,257
742333,221,160,90
742341,75,57,40
742350,248,213,171
742368,270,291,87
742376,560,461,386
742384,53,36,8
742392,95,156,97
742406,142,114,99
742414,68,48,24
742422,217,159,97
742449,31,21,17
742457,56,38,28
742465,30,33,15
742473,172,137,76
742481,131,145,131
742490,27,13,10
742503,77,67,39
742511,1041,998,865
742520,22,11,5
742538,156,101,43
742546,1787,1864,1767
742554,195,149,79
742562,94,41,36
742589,186,136,92
742597,79,90,60
742619,105,83,74
742627,165,119,65
742635,54,50,15
RS229,111813,102075,91754
70262,15709,13759,11754
705209,180,146,93
705217,424,356,256
705225,5228,5465,5253
705233,77,61,41
705241,145,117,95
705250,244,161,151
705268,361,258,218
705276,549,329,267
705284,388,327,225
705292,178,128,87
705306,166,114,84
705314,142,98,95
705322,94,98,100
705349,121,127,97
705357,161,122,85
705365,125,102,78
705373,397,353,322
705381,104,72,59
705390,418,336,283
705403,220,173,136
705411,226,180,131
705420,159,114,85
705438,201,157,146
705446,263,187,158
705454,189,152,89
705462,273,224,171
705489,400,329,230
705497,175,120,93
705519,217,150,111
705527,201,124,91
705535,244,183,96
705543,549,470,367
705551,467,396,358
705560,87,89,57
705578,505,389,309
705586,710,559,499
705594,484,419,283
705608,279,233,182
705616,235,231,194
705624,123,110,79
70548,19545,18207,16368
715174,102,65,26
715182,891,836,736
715204,581,506,488
715212,993,937,830
715239,464,427,390
715247,408,391,316
715255,505,420,329
715263,307,280,223
715271,60,34,25
715280,554,519,461
715298,523,450,363
715301,1000,947,841
715310,805,608,463
715328,859,904,811
715336,3503,3543,3370
715344,38,20,24
715352,970,989,936
715379,88,54,32
715387,138,104,85
715395,1024,960,848
715409,132,85,53
715417,1327,1276,1182
715425,830,798,706
715433,824,773,800
715441,785,756,735
715450,415,381,363
715468,403,358,318
715476,329,216,122
715484,263,241,223
715492,424,329,269
70688,23590,21608,19213
721689,138,90,61
721697,129,166,151
721719,319,263,226
721727,150,151,95
721735,119,84,81
721743,29,18,6
721751,81,79,53
721760,226,158,103
721778,121,88,27
721786,58,40,32
721794,118,82,53
721808,,,
721816,140,117,110
721824,30,18,13
721832,163,118,120
721859,77,64,54
721867,265,232,182
721875,120,88,96
721883,161,124,95
721891,53,42,24
721905,170,109,64
721913,87,83,89
721921,203,122,54
721930,58,45,30
721948,112,83,48
721956,19,12,5
721964,79,49,31
721972,205,172,170
721999,32,19,18
722006,64,35,24
722014,85,39,23
722022,90,42,24
722049,285,267,229
722057,226,169,111
722065,160,108,65
722073,73,39,20
722081,218,150,102
722090,84,67,45
722103,12525,13639,13200
722111,185,151,106
722120,37,37,17
722138,320,366,275
722146,53,37,28
722154,158,109,103
722162,29,24,17
722189,190,130,99
722197,72,54,53
722219,416,52,88
722227,118,83,59
722235,65,29,8
722243,394,298,275
722251,222,139,151
722260,33,26,17
722278,58,54,34
722286,101,60,31
722294,117,93,75
722308,39,30,22
722316,127,75,61
722324,45,17,10
722332,28,16,5
722359,78,41,40
722367,59,35,21
722375,239,15,15
722383,90,64,33
722391,81,78,58
722405,41,21,12
722413,31,22,9
722421,92,111,131
722430,103,51,33
722448,13,,3
722456,309,243,195
722464,310,246,190
722472,176,118,103
722499,93,61,58
722502,64,41,30
722529,52,29,23
722537,42,24,20
722545,133,180,74
722553,181,115,48
722561,258,222,176
722570,21,,
722588,96,77,73
722596,293,199,132
722600,105,74,49
722618,110,62,48
722626,59,36,25
722634,26,30,4
722642,73,53,23
722669,75,33,27
722677,208,176,92
70998,52969,48501,44419
735248,105,51,29
735256,686,674,618
735264,332,270,242
735272,355,258,191
735299,267,217,167
735302,19,26,22
735329,376,284,228
735337,232,207,259
735345,21,27,22
735353,110,88,64
735361,657,569,485
735370,788,730,738
735388,23,26,16
735396,101,70,33
735400,34,18,9
735418,337,261,237
735426,276,202,139
735434,15,12,4
735442,190,137,106
735469,25,12,14
735477,847,666,506
735485,41,32,24
735493,104,81,63
735507,137,68,19
735515,239,230,168
735523,242,155,69
735531,79,78,68
735540,65,30,19
735558,201,169,158
735566,99,66,41
735574,210,152,104
735582,969,768,676
735604,91,60,35
735612,445,429,314
735639,290,224,167
735647,61,45,21
735655,34,14,8
735663,235,225,161
735671,61,37,18
735680,33,14,7
735698,245,219,165
735701,463,394,246
735710,359,305,357
735728,549,722,799
735736,390,352,299
735744,1699,1600,1383
735752,267,226,181
735779,116,74,37
735787,101,62,39
735795,102,161,173
735809,99,147,129
735817,71,59,37
735825,663,592,484
735833,271,184,101
735841,284,205,136
735850,22,22,10
735868,19,11,16
735876,188,146,115
735884,119,103,83
735892,285,250,202
735906,130,105,62
735914,241,134,105
735922,191,180,155
735949,283,289,197
735957,105,47,35
735965,95,47,19
735973,436,363,261
735981,875,608,558
735990,103,67,48
736007,252,174,107
736015,452,385,317
736023,119,62,34
736031,39,26,23
736040,217,164,114
736058,260,239,227
736066,32,13,5
736074,294,362,390
736082,15,14,
736104,16,35,27
736112,167,134,120
736139,78,22,9
736147,367,436,302
736155,54,30,26
736163,236,182,120
736171,323,449,420
736180,200,167,118
736198,33,23,15
736201,195,125,106
736210,28303,27673,27333
736228,37,22,18
736236,105,69,54
736244,50,26,8
736252,671,611,532
736279,292,224,184
736287,8,16,14
736295,103,95,63
736309,61,38,27
736317,28,15,8
736325,45,29,22
736333,153,90,51
736341,85,62,46
736350,416,331,262
736368,341,360,278
736376,497,276,222
736384,32,23,15
736392,98,48,23
736406,92,95,78
